address_neighborhood,pricingInfos_price,predict_price,variacao
A. Pinheiros,857150.0,664886.108482172,-0.2243060042207642
Aclimação,594650.0,522132.42432407255,-0.12195001374914227
Adalgisa,840000.0,0.0,-1.0
Aeroporto,407750.0,526472.2181268899,0.29116423820205983
Agua Rasa,489999.0,0.0,-1.0
Alto Klabin,2026499.0,1202310.5298518112,-0.40670558936776613
Alto Mandaqui,258999.0,333493.5743444299,0.2876249496887242
Alto da Boa Vista,637000.0,566003.6850117962,-0.11145418365495108
Alto da Lapa,805000.0,621285.4476428964,-0.2282168352262156
Alto da Mooca,448000.0,407094.2311657765,-0.09130751971924889
Alto de Pinheiros,2310000.0,1137254.34922251,-0.5076820999036753
Alto do Pari,327250.0,0.0,-1.0
Altos de Vila Prudente,230999.0,0.0,-1.0
Americanópolis,266000.0,0.0,-1.0
Aricanduva,280000.0,292464.48942540435,0.044516033662158394
Artur Alvim,161000.0,224098.41035570164,0.3919155922714388
BROOKLIN,1133999.5,0.0,-1.0
Balneário São Francisco,186200.0,0.0,-1.0
Balneário São José,244999.0,0.0,-1.0
Barra Funda,369600.0,387014.0483244154,0.047115931613678
Barro Branco,323750.0,385994.7675678488,0.19226183032540156
Barro Branco (Zona Norte),385000.0,344422.85016589606,-0.1053951943742959
Bela Aliança,1193500.0,535085.0917352134,-0.5516672880308224
Bela Vista,355600.0,408107.5266441213,0.14765896131642653
Belenzinho,439250.0,335419.36126971553,-0.23638164765005
Belém,393464.0,336714.1022116868,-0.1442314869678375
Berrini,1399999.5,0.0,-1.0
Boaçava,1750000.0,768725.0155884846,-0.560728562520866
Bom Retiro,283500.0,394225.7701466348,0.39056709046432014
Bortolândia,406000.0,0.0,-1.0
Bosque da Saúde,581000.0,505611.21249834186,-0.12975694922832726
Brasili Ndia,18627000.0,0.0,-1.0
Brasilândia,237999.0,240311.16124139098,0.009715004018466367
Bresser,944999.0,0.0,-1.0
Brooklin,675500.0,629854.7556031678,-0.06757253056525858
Brooklin Novo,742000.0,724092.1140901337,-0.024134617129199842
Brooklin Paulista,840000.0,648588.1991582554,-0.2278711914782674
Brooklin Velho,4200000.0,0.0,-1.0
Brás,249199.0,311385.9920518749,0.2495475184566347
Burgo Paulista,244299.0,0.0,-1.0
Butanta,308000.0,0.0,-1.0
Butantã,455000.0,399295.0883381736,-0.12242837727873934
C Cesar,1638000.0,0.0,-1.0
C. P. Man. de Paiva,130199.5,0.0,-1.0
Cachoeirinha,257599.0,249765.1905900269,-0.030410868869728103
Cambuci,315000.0,364344.03487557184,0.1566477297637201
Campininha,364000.0,407722.3845868693,0.1201164411727178
Campo Belo,979999.0,877990.6885118132,-0.10409021997796608
Campo Grande,439250.0,320145.63023247325,-0.27115394369385715
Campo Limpo,216999.0,215774.48155643058,-0.005642968140726068
Campos Eliseos,213499.5,286205.7633900644,0.3405453567341583
Campos Elíseos,265930.0,314844.68588863587,0.1839382013636517
Cangaiba,241499.0,244940.39922135512,0.014250159302337195
Cangaíba,198450.0,216478.4756299682,0.09084643804468717
Canindé,489999.0,397020.87469613657,-0.18975166337862615
Capela do Socorro,315000.0,0.0,-1.0
Capital,1155000.0,822611.5526059174,-0.2877822055360022
Capão Redondo,147000.0,171130.38599298734,0.16415228566658047
Carandiru,336000.0,370766.808567047,0.10347264454478267
Casa Verde,451464.5,464402.1126236097,0.028656987700272696
Casa Verde Alta,274750.0,275625.4348232787,0.0031862959900952337
Casa Verde Média,475999.0,365393.9991437565,-0.23236393533651012
Catumbi,266000.0,325226.74174976005,0.22265692387127833
Caxingui,595000.0,422931.5761659564,-0.2891906282925103
Centro,266000.0,341475.8241451172,0.28374369979367375
Cerq Cesar,962499.0,896951.9974841701,-0.06810085258876097
Cerq. Cesar,1337000.0,986812.0281455471,-0.26192069697416065
Cerqueira Cezar,944999.0,0.0,-1.0
Cerqueira César,910000.0,822946.6028751835,-0.09566307376353467
Ch Encosto,509249.5,0.0,-1.0
Ch. Santo Antônio,1209599.5,0.0,-1.0
Chac Paraíso,553000.0,710279.3339933963,0.2844110922122898
Chac. Santo Anton,672000.0,0.0,-1.0
Chac. St Antônio,390880.0,0.0,-1.0
Chac. São Antônio,355250.0,0.0,-1.0
Chacara Do Encosto,330750.0,442690.8404484045,0.3384454737669069
Chacara Itaim,357000.0,1393293.8002902963,2.9027837543145556
Chacara Nossa Senhora Aparecida,455000.0,0.0,-1.0
Chacara Nossa Senhora do Bom Conselho,196000.0,181866.10996955622,-0.07211168382879485
Chacara Santa Maria,130899.0,161694.334558825,0.2352602736371172
Chacara Santo Antonio (Zona Le,2520000.0,0.0,-1.0
Chora Menino,420000.0,419856.10262233915,-0.00034261280395442295
Chácara Belenzinho,340571.0,307089.58101892204,-0.0983096593106223
Chácara Califórnia,353500.0,332599.06136748276,-0.059125710417304744
Chácara Cruzeiro do Sul,203000.0,255644.18580283743,0.25933096454599713
Chácara Figueira Grande,413000.0,0.0,-1.0
Chácara Flora,1445500.0,0.0,-1.0
Chácara Gaivotas,3430000.0,0.0,-1.0
Chácara Inglesa,535500.0,496739.4061145914,-0.07238206141066028
Chácara Itaim,2310000.0,1127562.8102662698,-0.511877571313303
Chácara Jaraguá,1050000.0,0.0,-1.0
Chácara Kablin,629300.0,0.0,-1.0
Chácara Klabim,647500.0,966541.245863257,0.4927277928390068
Chácara Klabin,1230145.0,968788.7795201588,-0.2124596860368828
Chácara Mafalda,444500.0,286460.35160155577,-0.35554476580077443
Chácara Maria Trindade,350000.0,0.0,-1.0
Chácara Monte Alegre,770000.0,0.0,-1.0
Chácara Nossa Senhora Aparecida,545300.0,0.0,-1.0
Chácara Nossa Senhora do Bom Conselho,196000.0,181866.10996955622,-0.07211168382879485
Chácara Nossa Senhora do Bom Conselho ,178804.5,190332.61797491874,0.06447331009520862
Chácara Santa Etelvina,124250.0,0.0,-1.0
Chácara Santa Maria,130899.0,161694.334558825,0.2352602736371172
Chácara Santana,1120000.0,0.0,-1.0
Chácara Santo Antônio,550200.0,421864.34402590466,-0.23325273713939543
Chácara Santo Antônio (Zona Leste),441000.0,407129.233408527,-0.07680445939109526
Chácara Santo Antônio (Zona Sul),693000.0,436804.21954761917,-0.3696908808836664
Chácara Santo Antônio Zona Leste,350000.0,0.0,-1.0
Chácara Seis de Outubro,301000.0,261006.176663568,-0.13286984497153487
Chácara Sto Antônio,256549.5,0.0,-1.0
Chácara São João,448000.0,251588.43159517704,-0.4384186794750512
Chácara Tatuapé,517999.5,0.0,-1.0
Cidade A E Carvalho,169809.0,0.0,-1.0
Cidade Ademar,283500.0,267632.38848101674,-0.055970411001704634
Cidade Antonio Estevão de Carvalho,311500.0,0.0,-1.0
Cidade Antônio Estevão de Carvalho,220500.0,202563.63278724873,-0.08134406899206925
Cidade Centenário,318500.0,207660.65557408967,-0.3480042211174579
Cidade Continental,259349.0,0.0,-1.0
Cidade D Abril,196000.0,0.0,-1.0
Cidade D'Abril,314999.5,0.0,-1.0
Cidade Domitila,376097.0,0.0,-1.0
Cidade Dutra,456400.0,0.0,-1.0
Cidade Jardim,2992850.0,1925234.48719007,-0.35672202509645656
Cidade Líder,220500.0,188570.94620662672,-0.144802965049312
Cidade Mae do Ceu,493499.0,0.0,-1.0
Cidade Monções,679000.0,578349.53377814,-0.1482333817700442
Cidade Mãe do Céu,630000.0,828960.7673150204,0.31581074176987367
Cidade Nitro Operária,392000.0,0.0,-1.0
Cidade Nitro Química,244299.0,0.0,-1.0
Cidade Nova Heliópolis,340550.0,303491.3287615608,-0.10882005942868656
Cidade Nova São Miguel,306250.0,0.0,-1.0
Cidade Patriarca,301000.0,238196.54040063152,-0.20864936743976237
Cidade Satelite Santa Barbara,3195500.0,172268.55829255347,-0.9460902649686893
Cidade Satélite Santa Bárbara,140350.0,174359.74476465493,0.2423209459540785
Cidade São Francisco,489999.0,434965.2930397686,-0.112313916886017
Cidade São Mateus,208250.0,0.0,-1.0
Cidade São Miguel,301000.0,0.0,-1.0
Cidade Tiradentes,89600.0,190706.19792036584,1.1284173875040833
Cidade Universitária,352450.0,0.0,-1.0
Cidade Vargas,553000.0,359997.19932556956,-0.34901048946551616
Cidade dos Bandeirantes,335300.0,234262.852443836,-0.301333574578479
City America,1715000.0,326166.2931290711,-0.809815572519492
City América,1035299.0,322934.4761429236,-0.6880761247302243
City Jaragua,190918.0,0.0,-1.0
City Pinheirinho,560000.0,0.0,-1.0
City Recanto Anastácio,910000.0,0.0,-1.0
Cj Res Sto Antônio,222600.0,276361.3000318933,0.24151527417741825
Cohab José Bonifaci,122499.0,0.0,-1.0
Cohab Juscelino,103600.0,0.0,-1.0
Cohab Taipas,124249.0,0.0,-1.0
Colonia - Zona Leste,107030.0,164576.04951191414,0.5376628002608066
Colônia,178500.0,0.0,-1.0
Colônia (Zona Leste),154000.0,182722.41361285414,0.1865091793042477
Conjunto City Jaragua,236600.0,215718.42681040932,-0.08825686048009584
Conjunto City Jaraguá,98700.0,0.0,-1.0
Conjunto Habitacional Barreira Grande,150500.0,197464.23036587314,0.3120546868164329
Conjunto Habitacional Brigadeiro Eduardo Gomes,113749.5,0.0,-1.0
Conjunto Habitacional Castro Alves,108849.5,0.0,-1.0
Conjunto Habitacional Fazenda do Carmo,98000.0,0.0,-1.0
Conjunto Habitacional Instituto Adventista,133000.0,164720.78725409257,0.23850215980520728
Conjunto Habitacional Inácio Monteiro,94500.0,0.0,-1.0
Conjunto Habitacional Jova Rural,115499.0,0.0,-1.0
Conjunto Habitacional Juscelino Kubitschek,86800.0,178056.16247717701,1.051338277386832
Conjunto Habitacional Marechal Mascarenhas de Morais,441000.0,0.0,-1.0
Conjunto Habitacional Padre José de Anchieta,156800.0,179347.7508560271,0.1437994314797646
Conjunto Habitacional Padre Manoel da Nobrega,150500.0,0.0,-1.0
Conjunto Habitacional Padre Manoel da Nóbrega,129499.0,188201.54553455772,0.45330501034415493
Conjunto Habitacional Padre Manoel de Paiva,138250.0,186626.502870889,0.3499204547623074
Conjunto Habitacional Santa Etelvina II,117249.0,0.0,-1.0
Conjunto Habitacional Teotonio Vilela,136500.0,182578.9652958198,0.3375748373320131
Conjunto Habitacional Turistica,287000.0,0.0,-1.0
Conjunto Habitacional Turística,276500.0,504076.0950809968,0.8230600183761188
Conjunto Habitacional Vila Nova Cachoeirinha,360500.0,0.0,-1.0
Conjunto Promorar Raposo Tavares,210148.5,290503.9467445754,0.3823745910371732
Conjunto Promorar Sapopemba,200200.0,0.0,-1.0
Conjunto Residencial Bandeirantes,206500.0,0.0,-1.0
Conjunto Residencial Butanta,423500.0,0.0,-1.0
Conjunto Residencial Butantã,434000.0,0.0,-1.0
Conjunto Residencial Elisio Teixeira Leite,129499.0,212596.1933110756,0.6416821234996068
Conjunto Residencial Elísio Teixeira Leite,140000.0,0.0,-1.0
Conjunto Residencial Ingai,175000.0,0.0,-1.0
Conjunto Residencial Jardim Canaa,1750000.0,0.0,-1.0
Conjunto Residencial Jardim Canaã,350000.0,0.0,-1.0
Conjunto Residencial Jose Bonifacio,122499.0,208394.2720370329,0.7011916181930702
Conjunto Residencial José Bonifácio,118999.0,181564.16968970362,0.525762146654204
Conjunto Residencial Novo Pacaembu,465500.0,0.0,-1.0
Conjunto Residencial Prestes Maia,104560.0,0.0,-1.0
Conjunto Residencial Salvador Tolezani,350000.0,0.0,-1.0
Conjunto Residencial Santa Terezinha,486499.0,959317.8625467125,0.971880440754683
Conjunto Residencial Sitio Oratorio,129499.0,0.0,-1.0
Conjunto Residencial Sitio Oratório,145250.0,175770.70370118108,0.21012532668627237
Conjunto Residencial Vista Verde,277900.0,229984.4677154295,-0.17242005140183703
Consolação,532000.0,617936.6626441849,0.16153508015824225
Coronel Sezefredo Fagundes,304500.0,0.0,-1.0
Cupecê,230999.0,0.0,-1.0
Cursino,521499.0,420619.52959008794,-0.1934413496668489
Educandário,148708.0,0.0,-1.0
Engenheiro Goulart,244999.0,207945.93495310147,-0.1512376174878205
Erm Matarazzo,182000.0,224206.72266229804,0.23190506957306622
Ermelino Matarazzo,237649.0,231511.99018173383,-0.02582384027816731
Estância Jaraguá,240100.0,0.0,-1.0
Faria Lima,3665788.0,0.0,-1.0
Fazenda Aricanduva,168000.0,188570.94620662672,0.12244610837277814
Fazenda Caguaçu,4480000.0,0.0,-1.0
Fazenda Morumbi,346500.0,241361.89872521552,-0.3034288637078917
Fazenda da Juta,101500.0,0.0,-1.0
Ferreira,462699.0,332337.93263730017,-0.2817405426912525
Freguesia do O,294000.0,0.0,-1.0
Freguesia do Ó,315000.0,321992.2549400958,0.02219763473046288
Frguesia do o,210000.0,0.0,-1.0
Furnas,186900.0,245907.49082991134,0.31571691187753537
Gamelinha,107100.0,0.0,-1.0
Grajaú,218050.0,0.0,-1.0
Granja Julieta,822500.0,579734.6246885788,-0.2951554715032477
Guaianases,122499.0,0.0,-1.0
Guaianazes,140000.0,182699.59629997,0.30499711642835714
Guaiauna,234499.0,0.0,-1.0
Guaiaúna,220500.0,526255.1292037605,1.3866445768878028
Guapira,210000.0,309982.42080361303,0.4761067657314906
Guarapiranga,182000.0,187177.97103177223,0.028450390284462834
Higianopolis,875000.0,738474.664329814,-0.15602895505164116
Higienópolis,1470000.0,952417.7921583151,-0.3520967400283571
Horto Florestal,630000.0,255964.38288913996,-0.5937073287473968
Horto do Ipê,154000.0,0.0,-1.0
Ibirapuera,411249.5,487765.3074913862,0.1860569009600892
Iguatemi,896000.0,0.0,-1.0
Imirim,336000.0,266550.4689227913,-0.20669503296788305
Indianópolis,1050000.0,690643.3738376948,-0.3422444058688622
Ingai,203000.0,0.0,-1.0
Instituto de Previdencia,475999.0,0.0,-1.0
Instituto de Previdência,652750.0,0.0,-1.0
Interlagos,297150.0,312064.6967653997,0.050192484487294964
Ipiranga,420000.0,416369.1951216315,-0.008644773519924986
Itaberaba,344750.0,256199.27813726588,-0.25685488575122295
Itaim,1182999.5,1398602.445115601,0.1822510872706209
Itaim Bibi,970199.0,782830.3324358048,-0.19312395453324027
Itaim Paulista,273000.0,240486.85961353427,-0.11909575233137626
Itaquera,182000.0,185989.9464805291,0.021922782860049894
Jabaquara,374500.0,335660.2092779153,-0.10371105666778291
Jaguare,294000.0,343800.09620660276,0.1693880823353835
Jaguará,385000.0,0.0,-1.0
Jaguaré,316750.0,340935.01383191993,0.07635363482847657
Jaragua,196000.0,205168.87240738806,0.04677996126218398
Jaraguá,224000.0,214361.03590961578,-0.04303108968921532
Jard Paulista,2085999.0,0.0,-1.0
Jard. Paulista,3430000.0,0.0,-1.0
Jardim  Independencia,419650.0,267777.8220304462,-0.36190200874431977
Jardim AM Rica,686000.0,0.0,-1.0
Jardim Adelfiore,139300.0,221079.45376039855,0.587074327066752
Jardim Adhemar de Barros,601930.0,285036.0306041398,-0.5264631591644546
Jardim Adutora,207760.0,0.0,-1.0
Jardim Aeroporto,439250.0,516540.87507041823,0.17596101325080982
Jardim Alfredo,185500.0,0.0,-1.0
Jardim Almanara,558600.0,0.0,-1.0
Jardim Alto Pedroso,410200.0,0.0,-1.0
Jardim Alvina,258999.0,0.0,-1.0
Jardim Alvorada,294000.0,0.0,-1.0
Jardim Alvorada (Zona Oeste),406000.0,0.0,-1.0
Jardim Alzira,413000.0,0.0,-1.0
Jardim Amaralina,203000.0,221876.22554612448,0.0929863327395295
Jardim America,1344000.0,920260.0829571473,-0.31528267637117013
Jardim Ampliacao,454300.0,526135.88357936,0.15812433101333911
Jardim Ampliação,482999.0,518938.5657174245,0.0744091928087316
Jardim América,2558500.0,802335.0575741204,-0.6864041205494937
Jardim América da Penha,210000.0,333683.44862074114,0.5889688029559101
Jardim Ana Maria,346500.0,0.0,-1.0
Jardim Ana Rosa,320950.0,0.0,-1.0
Jardim Analia Franco,892500.0,749066.4292548412,-0.16070988318785306
Jardim Andaraí,1141000.0,318536.986232539,-0.720826480076653
Jardim Angela (Zona Leste),202475.0,212299.50455742635,0.04852206226658273
Jardim Anhanguera,297500.0,0.0,-1.0
Jardim Anhangüera,280000.0,0.0,-1.0
Jardim Antartica,129499.0,241233.55096427875,0.8628217280772728
Jardim Antártica,133000.0,221137.9695109221,0.662691500082121
Jardim Anália Franco,1155000.0,833375.4296776932,-0.27846283144788475
Jardim Aricanduva,285250.0,209342.95161985952,-0.26610709335719707
Jardim Arize,244999.0,213191.62655709605,-0.12982654395693027
Jardim Arpoador,455000.0,371607.0929527401,-0.18328111438958228
Jardim Arpoador Zona Oeste,125299.0,0.0,-1.0
Jardim Arpoardor,363999.5,404429.0742996717,0.11107041163427889
Jardim Artur Alvim,182000.0,0.0,-1.0
Jardim Ataliba Leonel,304500.0,332882.29671451176,0.093209513019743
Jardim Augusto,266000.0,0.0,-1.0
Jardim Aurelia,371000.0,530462.7057166338,0.4298186137914659
Jardim Aurora,146300.0,0.0,-1.0
Jardim Aurélia,1557500.0,0.0,-1.0
Jardim Avelino,637000.0,653522.9008578118,0.02593861987097612
Jardim Avenida,185500.0,0.0,-1.0
Jardim Bandeirantes,125999.0,0.0,-1.0
Jardim Bandeirantes (Zona Norte),406000.0,0.0,-1.0
Jardim Batalha,371000.0,0.0,-1.0
Jardim Belem,161000.0,0.0,-1.0
Jardim Belém,210000.0,188509.03100882724,-0.1023379475770132
Jardim Bibi,1312500.0,0.0,-1.0
Jardim Boa Vista,185500.0,222265.0436705074,0.19819430550138772
Jardim Boa Vista (Zona Oeste),201250.0,0.0,-1.0
Jardim Bom Refúgio,150500.0,0.0,-1.0
Jardim Bonfiglioli,482999.0,379731.2018409018,-0.21380540779400825
Jardim Bonifacio,133350.0,181208.49492826115,0.35889385023067977
Jardim Botucatu,194250.0,278682.71316129004,0.43466004201436315
Jardim Brasil,280000.0,262021.40148231792,-0.06420928042029317
Jardim Brasil (Zona Norte),244999.0,289307.93546230346,0.18085353598301812
Jardim Brasil (Zona Sul),244999.0,0.0,-1.0
Jardim Brasilia,217000.0,187776.11470009873,-0.13467228248802432
Jardim Brasilia (Zona Leste),475999.0,198533.84597171078,-0.5829112120577757
Jardim Brasilia (Zona Norte),276500.0,0.0,-1.0
Jardim Brasília,154000.0,187776.11470009873,0.21932542013051126
Jardim Brasília (Zona Leste),287000.0,0.0,-1.0
Jardim Brasília (Zona Norte),224000.0,0.0,-1.0
Jardim Britania,46200000.0,0.0,-1.0
Jardim Britânia,329000.0,0.0,-1.0
Jardim Bélgica,626500.0,0.0,-1.0
Jardim Caboré,316750.0,285951.98521477747,-0.09723130161080518
Jardim Cabucu,21000000.0,0.0,-1.0
Jardim Cachoeira,336000.0,0.0,-1.0
Jardim Caguassu,280000.0,0.0,-1.0
Jardim Camargo Novo,348600.0,0.0,-1.0
Jardim Cambara,278250.0,0.0,-1.0
Jardim Campo Grande,1042999.0,771992.1787764924,-0.2598342100265749
Jardim Campo Limpo,525000.0,0.0,-1.0
Jardim Campos,281541.5,0.0,-1.0
Jardim Capelinha,155750.0,181586.58329932115,0.16588496500366712
Jardim Caravelas,892500.0,685396.8026492862,-0.2320484003929566
Jardim Carlu,329000.0,262413.74280114326,-0.20238983951020284
Jardim Carombe,196000.0,0.0,-1.0
Jardim Carombé,356999.5,226202.13883340926,-0.3663796760684279
Jardim Casa Pintada,132300.0,188509.03100882724,0.4248604006714076
Jardim Casablanca,174993.0,184751.6513700959,0.05576595275294394
Jardim Castelo,179550.0,218890.65462409877,0.21910695975549288
Jardim Catanduva,170800.0,198398.60333377152,0.16158432865205818
Jardim Catarina,385000.0,0.0,-1.0
Jardim Cecy,166250.0,0.0,-1.0
Jardim Celeste,199500.0,219464.88024186378,0.10007458767851518
Jardim Celia,105000.0,0.0,-1.0
Jardim Centenario,224000.0,227407.2384663536,0.01521088601050713
Jardim Centenário,208600.0,238737.56576613343,0.1444753871818476
Jardim Cidade Pirituba,419300.0,291910.04015350697,-0.3038157878523564
Jardim Cidalia,385000.0,0.0,-1.0
Jardim Cidália,416500.0,450536.2710271396,0.0817197383604793
Jardim Cinco de Julho,336000.0,0.0,-1.0
Jardim Claudia,198800.0,0.0,-1.0
Jardim Cláudia,230999.0,222265.0436705074,-0.037809498437190614
Jardim Coimbra,455000.0,172302.1192879344,-0.6213140235430014
Jardim Colombo,525000.0,410747.00672694104,-0.21762474909154084
Jardim Colonial,206499.5,0.0,-1.0
Jardim Colorado,244999.0,225516.92705047282,-0.07951898966741566
Jardim Consorcio,290500.0,0.0,-1.0
Jardim Consórcio,455000.0,376538.8902316561,-0.1724419994908657
Jardim Cordeiro,2800000.0,0.0,-1.0
Jardim Cotching,294000.0,0.0,-1.0
Jardim Cotiana,404250.0,0.0,-1.0
Jardim Cotinha,287000.0,0.0,-1.0
Jardim Cristal,270374.5,0.0,-1.0
Jardim Cruzeiro,595000.0,0.0,-1.0
Jardim Célia,79345.0,172927.27432595397,1.1794350535755749
Jardim D Abril,182000.0,0.0,-1.0
Jardim D'Abril,189000.0,233028.61976796895,0.23295566014798386
Jardim D'abril,194249.5,237706.18895077726,0.2237158342789931
Jardim Damasceno,96600.0,0.0,-1.0
Jardim Danfer,234499.0,191358.53158657602,-0.1839686668745879
Jardim Daysy,553000.0,0.0,-1.0
Jardim Dinorah,237999.0,0.0,-1.0
Jardim Dom Bosco,481599.0,474410.5894148036,-0.014926132706248096
Jardim Dom José,155750.0,164720.78725409257,0.05759734994601984
Jardim Dona Sinhá,150500.0,199205.17131826608,0.32362240078582105
Jardim Donaria,251999.0,0.0,-1.0
Jardim Dracena,258649.5,0.0,-1.0
Jardim Egle,266000.0,0.0,-1.0
Jardim Elba,235900.0,0.0,-1.0
Jardim Eledy,137550.0,174497.505501666,0.26861145402883313
Jardim Eliane,304500.0,0.0,-1.0
Jardim Elisa Maria,270199.5,0.0,-1.0
Jardim Elisio,840000.0,0.0,-1.0
Jardim Esmeralda,269500.0,273921.5329053796,0.01640643007562015
Jardim Ester,315000.0,322276.97891853575,0.023101520376303863
Jardim Ester Yoland,304500.0,0.0,-1.0
Jardim Ester Yolanda,328650.0,369610.68818123697,0.12463316044800532
Jardim Estrela D'alva,595000.0,0.0,-1.0
Jardim Etelvina,175000.0,182901.80293442385,0.045153159625279216
Jardim Europa,4200000.0,1566687.7420104605,-0.6269791090451284
Jardim Everest,2607500.0,0.0,-1.0
Jardim Felicidade,455000.0,0.0,-1.0
Jardim Felicidade (Zona Norte),203000.0,242579.38061079386,0.19497231827977268
Jardim Felicidade (Zona Oeste),378000.0,0.0,-1.0
Jardim Fernandes,349650.0,0.0,-1.0
Jardim Filhos da Terra,210000.0,0.0,-1.0
Jardim Flor de Maio,703499.5,0.0,-1.0
Jardim Floresta,1256500.0,0.0,-1.0
Jardim Fontalis,230999.0,0.0,-1.0
Jardim Fonte do Morumbi,910000.0,737500.0556217439,-0.18956037843764406
Jardim Fonte do Morumbi ,682500.0,634582.5632147925,-0.07020869858638457
Jardim Franca,1050000.0,452017.5227267946,-0.5695071212125766
Jardim Francisco Mendes,162750.0,0.0,-1.0
Jardim França,840000.0,0.0,-1.0
Jardim Germania,187250.0,0.0,-1.0
Jardim Germânia,174300.0,181866.10996955622,0.04340854830496976
Jardim Gilda Maria,308000.0,0.0,-1.0
Jardim Gonzaga,295050.0,0.0,-1.0
Jardim Grimaldi,336000.0,0.0,-1.0
Jardim Guairaca,252349.0,243936.44526393016,-0.03333698463663359
Jardim Guanca,489999.0,0.0,-1.0
Jardim Guapira,630000.0,0.0,-1.0
Jardim Guarani,294000.0,0.0,-1.0
Jardim Guarau,322000.0,0.0,-1.0
Jardim Guarujá,139965.0,0.0,-1.0
Jardim Guedala,2411500.0,556811.7581784767,-0.7691014894553279
Jardim Hebrom,1968399.0,0.0,-1.0
Jardim Helena,234499.0,0.0,-1.0
Jardim Helga,203000.0,171808.75474534865,-0.1536514544564106
Jardim Helian,227500.0,0.0,-1.0
Jardim Hercilia,350000.0,0.0,-1.0
Jardim Hipico,693000.0,0.0,-1.0
Jardim Iae,189000.0,0.0,-1.0
Jardim Ibiratiba,875000.0,0.0,-1.0
Jardim Ibitirama,244999.0,304510.56672548264,0.2429053454319514
Jardim Ideal,266000.0,0.0,-1.0
Jardim Iguatemi,100800.0,0.0,-1.0
Jardim Imbé,118999.0,167969.08575626527,0.4115167838071352
Jardim Imperador,315000.0,0.0,-1.0
Jardim Imperador (Zona Leste),225749.5,190911.8165555309,-0.15432009127138302
Jardim Imperial,174300.0,0.0,-1.0
Jardim Independencia,371000.0,388021.37133102654,0.04587970709171585
Jardim Independência,301000.0,335387.29899157165,0.11424351824442414
Jardim Ipanema,150901.0,173802.3725772709,0.15176422009974022
Jardim Ipanema (Zona Leste),278250.0,207262.05735312653,-0.2551228846248822
Jardim Ipanema (Zona Oeste),225749.5,196187.1964040588,-0.13095180098268744
Jardim Ipanema (Zona Sul),610750.0,0.0,-1.0
Jardim Ipanema(Zona Leste),315000.0,199911.49360913094,-0.36536033774879073
Jardim Iracema,182000.0,191410.76855904967,0.05170751955521791
Jardim Irene,73500.0,0.0,-1.0
Jardim Iris,230299.0,266045.02523815935,0.15521572059869704
Jardim Itacolomi,336000.0,0.0,-1.0
Jardim Itapema,217000.0,0.0,-1.0
Jardim Itapemirim,265930.0,184734.63680755364,-0.30532607525456457
Jardim Itapeva,308000.0,328482.41013212665,0.0665013315978138
Jardim Itapura,99931.0,0.0,-1.0
Jardim Itatinga,1190000.0,0.0,-1.0
Jardim Itália,910000.0,0.0,-1.0
Jardim Itápolis,251999.0,0.0,-1.0
Jardim Iva,255499.0,0.0,-1.0
Jardim Ivana,244999.0,336614.27866550407,0.3739414392120133
Jardim Jabaquara,521499.0,0.0,-1.0
Jardim Jacarandas,724500.0,620353.0777445938,-0.14375006522485323
Jardim Jamaica,525000.0,0.0,-1.0
Jardim Japao,244299.0,271147.87101762166,0.10990168202744033
Jardim Japão,385000.0,328815.5776162819,-0.14593356463303397
Jardim Jaqueline,230999.0,247230.7562230685,0.07026764714595535
Jardim Jaragua,230999.0,0.0,-1.0
Jardim Jaraguá,195650.0,190817.9484104943,-0.024697426984439996
Jardim Jaraguá (São Domingos),259699.0,0.0,-1.0
Jardim Jaçanã,332500.0,0.0,-1.0
Jardim Jaú (Zona Leste),280000.0,0.0,-1.0
Jardim Joamar,290500.0,0.0,-1.0
Jardim Joana D'Arc,156100.0,0.0,-1.0
Jardim Joao XXIII,248149.0,0.0,-1.0
Jardim João XXIII,294000.0,0.0,-1.0
Jardim Jua,420000.0,0.0,-1.0
Jardim Julieta,171500.0,272515.41722418496,0.5890111791497665
Jardim Jussara,392000.0,289684.4438050759,-0.2610090719258268
Jardim Juá,378000.0,0.0,-1.0
Jardim Labitary,280000.0,0.0,-1.0
Jardim Lageado,140000.0,0.0,-1.0
Jardim Lajeado,133000.0,0.0,-1.0
Jardim Lallo,217000.0,0.0,-1.0
Jardim Laone,198100.0,0.0,-1.0
Jardim Laura,59534.0,0.0,-1.0
Jardim Leonidas Moreira,118999.0,0.0,-1.0
Jardim Leonor,1046499.5,461404.56776867167,-0.5590971923362871
Jardim Leonor Mendes de Barros,549500.0,310616.11796753854,-0.4347295396405122
Jardim Leônidas Moreira I,132615.0,0.0,-1.0
Jardim Libano,332500.0,282541.30208394537,-0.15025172305580337
Jardim Lider,208249.5,0.0,-1.0
Jardim Liderança,294000.0,0.0,-1.0
Jardim Lidia,154000.0,0.0,-1.0
Jardim Lisboa,287000.0,0.0,-1.0
Jardim Londrina,427000.0,391762.7153251316,-0.0825229149294342
Jardim Los Angeles,1225000.0,0.0,-1.0
Jardim Lourdes,154000.0,0.0,-1.0
Jardim Luanda,371000.0,336614.2728613883,-0.09268390064315823
Jardim Lucia,1050000.0,0.0,-1.0
Jardim Luzitania,4234999.5,0.0,-1.0
Jardim Luzitânia,4389000.0,1741413.725580601,-0.6032322338617906
Jardim Luísa,208250.0,278102.4564785008,0.33542596148139636
Jardim Líbano,439250.0,0.0,-1.0
Jardim Lídia,354721.5,0.0,-1.0
Jardim Macedônia,147000.0,176104.42067716556,0.19798925630724873
Jardim Maggi,350000.0,0.0,-1.0
Jardim Mangalot,395500.0,246849.18052902754,-0.37585542217692147
Jardim Maraba,432249.5,0.0,-1.0
Jardim Marabá,234499.0,267157.1822978902,0.13926789580292542
Jardim Maracana,595000.0,233169.8625578539,-0.6081178780540271
Jardim Maracanã,560000.0,0.0,-1.0
Jardim Maracá,154000.0,167820.9521528587,0.08974644255103037
Jardim Marajoara,336000.0,559891.684437964,0.6663442989225119
Jardim Marcel,217000.0,0.0,-1.0
Jardim Margarida,455000.0,0.0,-1.0
Jardim Maria Duarte,258999.0,268369.9656608997,0.03618147429488028
Jardim Maria Estela,270199.5,270760.6473250522,0.002076788909869176
Jardim Maria Eugênia,413000.0,0.0,-1.0
Jardim Maria Luiza,286265.0,204614.69218513995,-0.2852263036517215
Jardim Maria Virginia,279999.0,0.0,-1.0
Jardim Maria Virgínia,266000.0,0.0,-1.0
Jardim Mariliza,297500.0,346479.5770928257,0.1646372339254647
Jardim Marilu,182000.0,222190.8714832681,0.22082896419378084
Jardim Maringa,385000.0,443745.5521503049,0.15258584974105172
Jardim Maringá,258999.0,202573.74794148203,-0.21785895721032889
Jardim Marisa,420000.0,0.0,-1.0
Jardim Maristela,294000.0,231901.0629607785,-0.21122087428306635
Jardim Marquesa,686000.0,0.0,-1.0
Jardim Martins Silva,105000.0,0.0,-1.0
Jardim Marília,815850.0,0.0,-1.0
Jardim Mascote,343000.0,0.0,-1.0
Jardim Matarazzo,222600.0,189673.34261188484,-0.1479184968019549
Jardim Mimar,279300.0,270933.6219196199,-0.029954808737486904
Jardim Miragaia,133000.0,0.0,-1.0
Jardim Miriam,385000.0,0.0,-1.0
Jardim Mitsutani,136500.0,176104.42067716556,0.29014227602319087
Jardim Modelo,258999.0,288581.3953382681,0.11421818361564351
Jardim Monjolo,413000.0,262146.1713105695,-0.365263507722592
Jardim Monte Alegr,168000.0,0.0,-1.0
Jardim Monte Alegre,244999.0,222265.0436705074,-0.09279203723073393
Jardim Monte Alegre (Zona Norte),951965.0,0.0,-1.0
Jardim Monte Azul,385000.0,0.0,-1.0
Jardim Monte Belo,196000.0,0.0,-1.0
Jardim Monte Kemel,475999.0,433669.4073977254,-0.08892790237432135
Jardim Morro Verde,305200.0,242961.22097375058,-0.20392784739924452
Jardim Morumbi,1183000.0,599734.728779807,-0.4930391134574751
Jardim Morumby,1540000.0,0.0,-1.0
Jardim Mutinga,390250.0,294173.6159865884,-0.2461918872861284
Jardim Mália I,194600.0,0.0,-1.0
Jardim Mália II,4340000.0,0.0,-1.0
Jardim Nadir,217000.0,0.0,-1.0
Jardim Nelly,251999.0,0.0,-1.0
Jardim Nice,336000.0,0.0,-1.0
Jardim Nordeste,294000.0,178325.11044953638,-0.39345200527368573
Jardim Norma,203000.0,193702.73717239723,-0.045799324273905206
Jardim Nossa Senhora Aparecida,730590.0,335657.8890796832,-0.5405659958667881
Jardim Nossa Senhora do Carmo,329000.0,215236.4275265149,-0.3457859345698635
Jardim Nosso Lar,286999.5,299217.4731196085,0.04257140907774559
Jardim Nova Germania,308000.0,0.0,-1.0
Jardim Nova Vitória II,5950000.0,0.0,-1.0
Jardim Nove de Julho,201250.0,183611.75114624077,-0.08764347256526328
Jardim Novo Carrao,152250.0,0.0,-1.0
Jardim Novo Carrão,241499.0,0.0,-1.0
Jardim Novo Mundo,1305500.0,0.0,-1.0
Jardim Novo Santo Amaro,201600.0,198590.40390989365,-0.014928552034257692
Jardim Novo Taboão,237115.0,0.0,-1.0
Jardim Nélia,92763.0,0.0,-1.0
Jardim Odete,425600.0,0.0,-1.0
Jardim Olinda,315000.0,0.0,-1.0
Jardim Olympia,510999.0,469862.4718521045,-0.08050216956959888
Jardim Ondina,385000.0,0.0,-1.0
Jardim Palmares,196000.0,0.0,-1.0
Jardim Palmares (Zona Sul),264249.5,0.0,-1.0
Jardim Panorama,3150000.0,1532034.0521704776,-0.5136399834379437
Jardim Panorama (Zona Leste),406000.0,0.0,-1.0
Jardim Panorama D'oeste,2450000.0,0.0,-1.0
Jardim Panorama do Oeste,5663000.0,0.0,-1.0
Jardim Paqueta,385000.0,0.0,-1.0
Jardim Paquetá (Zona Norte),203000.0,0.0,-1.0
Jardim Paraguacu,147000.0,0.0,-1.0
Jardim Paraiso,385000.0,0.0,-1.0
Jardim Paraíso,433092.0,388356.693067555,-0.10329284986202691
Jardim Paris,150500.0,176104.42067716556,0.1701290410442895
Jardim Parque Morumbi,268941.0,358447.3939027088,0.3328105194176745
Jardim Patente,214200.0,307906.5050567385,0.4374720124030742
Jardim Patente Novo,210000.0,285909.0666178907,0.3614717457994796
Jardim Paulista,1095500.0,833810.7683539271,-0.2388765236385878
Jardim Paulistano,2380000.0,1430135.045654365,-0.39910292199396424
Jardim Paulistano (Zona Norte),143500.0,246607.4102947583,0.7185185386394306
Jardim Pedra Branca,287000.0,162190.31061206223,-0.43487696650849395
Jardim Pedro José Nunes,245000.0,188509.03100882724,-0.2305753836374398
Jardim Penha,266000.0,189996.70561106844,-0.28572667063508106
Jardim Pereira Leite,413000.0,404584.8236939409,-0.020375729554622524
Jardim Peri,297500.0,250656.45497321466,-0.15745729420768184
Jardim Peri Peri,500500.0,350731.4781532128,-0.29923780588768667
Jardim Peri-Peri,455000.0,0.0,-1.0
Jardim Petrópolis,2338000.0,0.0,-1.0
Jardim Picolo,607250.0,0.0,-1.0
Jardim Pinheiros,357000.0,263488.50563036936,-0.2619369590185733
Jardim Piqueroby,453250.0,270640.1014845883,-0.40289001327173024
Jardim Piratininga,189000.0,0.0,-1.0
Jardim Pirituba,266000.0,226822.7718736435,-0.14728281250509956
Jardim Planalto,361550.0,0.0,-1.0
Jardim Ponte Rasa,273000.0,0.0,-1.0
Jardim Popular,329000.0,0.0,-1.0
Jardim Porteira Grande,271249.5,0.0,-1.0
Jardim Prainha,1049999.5,0.0,-1.0
Jardim Previdencia,416150.0,0.0,-1.0
Jardim Previdência,371000.0,312576.5814100731,-0.15747552180573288
Jardim Primavera,419999.5,0.0,-1.0
Jardim Primavera (Zona Norte),360500.0,0.0,-1.0
Jardim Primavera (Zona Sul),276500.0,0.0,-1.0
Jardim Princesa,441000.0,0.0,-1.0
Jardim Prudência,336000.0,349041.14007441065,0.038812916888126825
Jardim Raposo Tavares,221568.5,0.0,-1.0
Jardim Recanto Verde,204400.0,0.0,-1.0
Jardim Record,420000.0,0.0,-1.0
Jardim Regina,455000.0,223781.75943991035,-0.5081719572749224
Jardim Regis,397600.0,0.0,-1.0
Jardim República,273000.0,0.0,-1.0
Jardim Rincão,199499.5,0.0,-1.0
Jardim Rio Pequeno,339500.0,0.0,-1.0
Jardim Rizzo,434000.0,0.0,-1.0
Jardim Rodolfo Pirani,199673.0,0.0,-1.0
Jardim Rosa Maria,385000.0,0.0,-1.0
Jardim Rosana,273000.0,0.0,-1.0
Jardim Rossin,444500.0,0.0,-1.0
Jardim Rubio,336000.0,0.0,-1.0
Jardim Russo,350000.0,0.0,-1.0
Jardim Sabara,333900.0,0.0,-1.0
Jardim Sabará,208600.0,257364.60219212424,0.23377086381651124
Jardim Sandra,164500.0,190101.3672457836,0.15563141182847162
Jardim Santa Adelia,258999.0,0.0,-1.0
Jardim Santa Adélia,311500.0,0.0,-1.0
Jardim Santa Cruz,343000.0,0.0,-1.0
Jardim Santa Cruz (Campo Grande),308000.0,0.0,-1.0
Jardim Santa Cruz (Sacoma),408450.0,0.0,-1.0
Jardim Santa Cruz (Sacomã),182000.0,254726.98286191508,0.3995988069335994
Jardim Santa Cruz (Zona Norte),346499.5,0.0,-1.0
Jardim Santa Efigenia,443800.0,0.0,-1.0
Jardim Santa Efigênia,220500.0,0.0,-1.0
Jardim Santa Emília,385000.0,248262.1279047752,-0.355163304143441
Jardim Santa Fé (Zona Oeste),346500.0,0.0,-1.0
Jardim Santa Helena,665000.0,0.0,-1.0
Jardim Santa Ines,256318.0,0.0,-1.0
Jardim Santa Inês,336350.0,0.0,-1.0
Jardim Santa Lucrecia,252000.0,0.0,-1.0
Jardim Santa Lucrécia,360500.0,0.0,-1.0
Jardim Santa Maria,315000.0,196504.37548812135,-0.37617658575199575
Jardim Santa Monica,167300.0,213490.88949166695,0.2760961714983081
Jardim Santa Mônica,196000.0,203050.27119798178,0.03597077141827443
Jardim Santa Teresa,367500.0,0.0,-1.0
Jardim Santa Terezinha,146310.5,199269.43757093584,0.36196265866725796
Jardim Santa Terezinha (Zona L,208249.5,0.0,-1.0
Jardim Santa Terezinha (Zona Leste),164500.0,190897.92526641372,0.16047370982622322
Jardim Santo Alberto,336000.0,0.0,-1.0
Jardim Santo Amaro,609000.0,330201.6898553571,-0.45779689678923297
Jardim Santo Andre,161000.0,0.0,-1.0
Jardim Santo André,364000.0,0.0,-1.0
Jardim Santo Antoninho,508987.0,0.0,-1.0
Jardim Santo Elias,455000.0,436943.7489244307,-0.03968406829795457
Jardim Santo Elias (São Miguel),154000.0,0.0,-1.0
Jardim Santo Onofre,155155.0,209010.4375192043,0.3471073282794903
Jardim Santos Dumont,297500.0,0.0,-1.0
Jardim Sao Bento,1365000.0,0.0,-1.0
Jardim Sao Francisco (Zona Leste),175000.0,209010.4375192043,0.19434535725259594
Jardim Sao Joao (Jaragua),251999.0,0.0,-1.0
Jardim Sao Jorge,276500.0,0.0,-1.0
Jardim Sao Jorge (Raposo Tavares),489999.0,0.0,-1.0
Jardim Sao Jose,475999.0,0.0,-1.0
Jardim Sao Jose (Zona Norte),374500.0,0.0,-1.0
Jardim Sao Luiz,182000.0,191410.76855904967,0.05170751955521791
Jardim Sao Paulo,630700.0,514714.15358441084,-0.18390018458155888
Jardim Sao Paulo(Zona Norte),560019.5,377095.7225046714,-0.32663822866048164
Jardim Sao Ricardo,507500.0,0.0,-1.0
Jardim Sao Roberto,224000.0,0.0,-1.0
Jardim Sao Roque,231699.5,310274.09414961666,0.339122847263877
Jardim Sao Saverio,406000.0,252132.94009788558,-0.37898290616284336
Jardim Sao Sebastiao,8820000.0,0.0,-1.0
Jardim Sao Vicente,595000.0,0.0,-1.0
Jardim Sapopemba,266000.0,0.0,-1.0
Jardim Sarah,266000.0,238501.28764024426,-0.10337861789381853
Jardim Satélite,185150.0,0.0,-1.0
Jardim Seckler,185500.0,0.0,-1.0
Jardim Selma,315000.0,0.0,-1.0
Jardim Sertaozinho,385000.0,0.0,-1.0
Jardim Shangrila,224000.0,0.0,-1.0
Jardim Shangrilá (Zona Norte),318499.5,0.0,-1.0
Jardim Silva Teles,223300.0,0.0,-1.0
Jardim Silvia(Zona Oeste),2135000.0,0.0,-1.0
Jardim Soares,191800.0,0.0,-1.0
Jardim Sonia,244999.0,277692.560878196,0.13344365029325012
Jardim Soraia,139300.0,164720.78725409257,0.1824894993115045
Jardim Sul,652400.0,0.0,-1.0
Jardim Sydney,175180.5,220950.84515575087,0.26127534260805785
Jardim São Bento,1750000.0,0.0,-1.0
Jardim São Carlos (Zona Leste),294000.0,0.0,-1.0
Jardim São Cristóvão,371000.0,0.0,-1.0
Jardim São Francisco (Zona Leste),161000.0,0.0,-1.0
Jardim São Gilberto,294000.0,0.0,-1.0
Jardim São Januário,455000.0,0.0,-1.0
Jardim São Jorge,315000.0,0.0,-1.0
Jardim São Jorge (Raposo Tavares),343000.0,0.0,-1.0
Jardim São José (Artur Alvim),230999.0,0.0,-1.0
Jardim São José (São Mateus),395500.0,0.0,-1.0
Jardim São José (Zona Norte),472499.5,0.0,-1.0
Jardim São João (Jaraguá),280000.0,0.0,-1.0
Jardim São João (São Rafael),161000.0,0.0,-1.0
Jardim São João (Zona Norte),261099.0,0.0,-1.0
Jardim São Luis,370999.0,0.0,-1.0
Jardim São Luís,371000.0,417633.99771527934,0.12569810704927042
Jardim São Luís (Zona Leste),262500.0,0.0,-1.0
Jardim São Luís (Zona Norte),979999.0,0.0,-1.0
Jardim São Luís (Zona Sul),224000.0,0.0,-1.0
Jardim São Nicolau,251999.0,0.0,-1.0
Jardim São Paulo,530250.0,493374.08453117707,-0.06954439503785559
Jardim São Paulo(Zona Leste),118299.0,0.0,-1.0
Jardim São Paulo(Zona Norte),644163.0,343400.4499894178,-0.4669044170661497
Jardim São Pedro,234499.5,0.0,-1.0
Jardim São Remo,336000.0,0.0,-1.0
Jardim São Ricardo,350000.0,377893.4153211155,0.07969547234604435
Jardim São Roberto,1428000.0,0.0,-1.0
Jardim São Savério,204750.0,219530.60504106557,0.0721885472091115
Jardim São Sebastião,210000.0,0.0,-1.0
Jardim São Vicente,258999.0,0.0,-1.0
Jardim Sílvia (Zona Oeste),3639930.0,0.0,-1.0
Jardim Sônia Regina,163100.0,0.0,-1.0
Jardim Taboao,244299.0,233421.04366012337,-0.04452722417970045
Jardim Taboão,395500.0,393854.37418674876,-0.004160874369788181
Jardim Taipas,225750.0,207505.92764421122,-0.08081538142099132
Jardim Tango,280000.0,0.0,-1.0
Jardim Taquaral,283500.0,372398.2748478064,0.31357416172065733
Jardim Teresa,350000.0,0.0,-1.0
Jardim Textil,686000.0,328773.2948957845,-0.5207386371781566
Jardim Thealia,343000.0,0.0,-1.0
Jardim Thomaz,140000.0,0.0,-1.0
Jardim Tiete,320249.5,0.0,-1.0
Jardim Tietê,297500.0,0.0,-1.0
Jardim Tiro Ao Pombo,164500.0,0.0,-1.0
Jardim Tremembe,401449.5,261394.0245989725,-0.3488744546973592
Jardim Tremembé,208740.0,0.0,-1.0
Jardim Triana,486500.0,0.0,-1.0
Jardim Trussardi,560000.0,0.0,-1.0
Jardim Três Marias,220500.0,182807.95669466932,-0.17093897190626162
Jardim Tua,231000.0,177997.69969305804,-0.22944718747593928
Jardim Têxtil,745771.5,0.0,-1.0
Jardim Ubirajara,195650.0,257364.60219212424,0.31543369380078823
Jardim Umarizal,171500.0,201450.51498574528,0.17463857134545346
Jardim Umuarama,147000.0,209322.90542053388,0.4239653429968291
Jardim Uniserve,4550000.0,0.0,-1.0
Jardim Universidade Pinheiros,8459499.5,2166506.157795497,-0.7438966504111151
Jardim Vale das Virtudes,244999.0,0.0,-1.0
Jardim Vaz de Lima,266000.0,0.0,-1.0
Jardim Vazani,406000.0,273075.78787539597,-0.3273995372527193
Jardim Vera Cruz,595000.0,0.0,-1.0
Jardim Vera Cruz(Zona Leste),243599.0,0.0,-1.0
Jardim Vergueiro,234499.0,327949.6581152725,0.3985119685596634
Jardim Vergueiro (Sacomã),200900.0,287034.65982830286,0.42874395136039256
Jardim Veronica,224000.0,0.0,-1.0
Jardim Verônia,220500.0,0.0,-1.0
Jardim Viana,1750000.0,0.0,-1.0
Jardim Vila Carrão,385000.0,297561.90893895767,-0.2271119248338762
Jardim Vila Formosa,272300.0,221959.76248563803,-0.18487050133809024
Jardim Vila Mariana,910000.0,790338.6143911197,-0.13149602814162675
Jardim Virginia Bianca,633500.0,0.0,-1.0
Jardim Virgínia Bianca,362250.0,0.0,-1.0
Jardim Vista Alegre,489999.0,0.0,-1.0
Jardim Vista Linda,444500.0,0.0,-1.0
Jardim Vitoria Regia,315000.0,0.0,-1.0
Jardim Vitoria Regia (Zona Oeste),1470000.0,0.0,-1.0
Jardim Vitória Régia,1253000.0,845631.7821599469,-0.32511429995215735
Jardim Vivan,336000.0,0.0,-1.0
Jardim Wanda,150500.0,0.0,-1.0
Jardim Yara,565250.0,0.0,-1.0
Jardim da Campina,301000.0,404764.1122199219,0.34473126983362756
Jardim da Gloria,745500.0,542075.8640337604,-0.2728693976743657
Jardim da Glória,672000.0,557738.5530535844,-0.17003191509883275
Jardim da Laranjeira (Zona Leste),175000.0,0.0,-1.0
Jardim da Saude,934500.0,0.0,-1.0
Jardim da Saúde,770000.0,748091.4258854743,-0.02845269365522818
Jardim das Acacias,630000.0,507339.47889043356,-0.19469923985645465
Jardim das Acácias,609000.0,565455.1376741759,-0.0715022369882169
Jardim das Bandeiras,1337000.0,858344.098892892,-0.3580074054653014
Jardim das Camelias,174930.0,0.0,-1.0
Jardim das Camélias,174965.0,0.0,-1.0
Jardim das Esmeraldas,358750.0,0.0,-1.0
Jardim das Flores,234499.0,0.0,-1.0
Jardim das Graças,125999.0,256907.23659341177,1.0389625044120332
Jardim das Laranjeiras,399000.0,480051.00719869544,0.20313535638770785
Jardim das Oliveiras,283500.0,0.0,-1.0
Jardim das Palmas,196000.0,213772.03967159145,0.0906736717938339
Jardim das Pedras,468999.0,0.0,-1.0
Jardim das Perdizes,1149078.0,0.0,-1.0
Jardim das Rosas (Zona Leste I),266000.0,0.0,-1.0
Jardim das Rosas (Zona Leste),223370.0,0.0,-1.0
Jardim das Vertentes,334285.0,325567.12037163146,-0.026079182818159796
Jardim de Lorenzo,220499.5,0.0,-1.0
Jardim do Campo,244999.0,0.0,-1.0
Jardim do Colegio,665000.0,0.0,-1.0
Jardim do Colegio (Zona Norte),861000.0,0.0,-1.0
Jardim do Colégio,276500.0,0.0,-1.0
Jardim do Colégio (Zona Norte),525000.0,282432.92038831464,-0.4620325325936864
Jardim do Divino,125999.0,0.0,-1.0
Jardim do Lago,257767.0,222265.0436705074,-0.1377288649419537
Jardim do Tiro,182000.0,234820.76313534105,0.2902239732711047
Jardim dos Estados,2205000.0,0.0,-1.0
Jardim dos Francos,244999.0,0.0,-1.0
Jardim dos Ipês,343000.0,0.0,-1.0
Jardim dos Manacas,168000.0,0.0,-1.0
Jardim para,244999.0,0.0,-1.0
Jardim Ângela (Zona Leste),196000.0,195140.2782432391,-0.004386335493678062
Jardim Íris,232749.0,270581.7943336093,0.1625476128086878
Jardins,482999.0,820077.5812176826,0.6978867062202667
Jaçanã,258999.0,288749.2972376128,0.11486645600026546
Jd América,875000.0,1177322.5189190176,0.3455114501931631
Jd Analia Franco,595000.0,701970.0033292014,0.17978151820033839
Jd Aricanduva,251999.0,0.0,-1.0
Jd Bonfiglioli,322000.0,0.0,-1.0
Jd D Abril,182000.0,0.0,-1.0
Jd Europa,6720000.0,1009907.4625330975,-0.8497161514087652
Jd Guedala,2660000.0,0.0,-1.0
Jd IV Centenário,189000.0,201811.30795769853,0.06778469818888122
Jd Independ.,192500.0,0.0,-1.0
Jd Marajoara,539000.0,0.0,-1.0
Jd Paulista,840000.0,804018.3051096251,-0.04283535105997016
Jd S Roberto,136500.0,0.0,-1.0
Jd S Teresinha,145950.0,199392.10193219798,0.3661671937800479
Jd Santa Ines,175000.0,0.0,-1.0
Jd São Francisco,393400.0,364985.5098234252,-0.0722279872307443
Jd São Paulo,297500.0,0.0,-1.0
Jd Umuarama,206500.0,0.0,-1.0
Jd da Saúde,752500.0,0.0,-1.0
Jdim América,896000.0,0.0,-1.0
Jdm Lucia,175000.0,0.0,-1.0
Jdm Maraba,175000.0,308928.86585267214,0.7653078048724122
José Bonifácio,118929.0,0.0,-1.0
Jurubatuba,630000.0,370501.6969035734,-0.41190206840702637
Klabin,2362500.0,0.0,-1.0
Km 21 da Raposo,551600.0,0.0,-1.0
Lageado,2310000.0,0.0,-1.0
Lajeado,194548.0,0.0,-1.0
Lapa,554750.0,549963.9867914894,-0.008627333408761761
Lapa de Baixo,257249.5,353339.7734967354,0.3735294859532685
Lar São Paulo,482999.0,395350.1943441569,-0.18146788224373778
Lauzane Paulista,378000.0,388249.7448860059,0.027115727211655782
Liberdade,301344.5,366705.97230069403,0.21689950306275385
Limoeiro,210000.0,0.0,-1.0
Limão,248149.0,279119.1303482409,0.12480457446228232
Loteamento City Jaragua,197750.0,218006.2972728128,0.10243386737199911
Luz,693000.0,316965.82473024295,-0.542617857532117
Mandaqui,406000.0,374632.89283138094,-0.07725888465177111
Maranhão,295750.0,341600.8110411087,0.1550323281187107
Mirandópolis,559650.0,466931.94630360225,-0.16567149771535383
Moema,910000.0,764363.3707439397,-0.1600402519297367
Moinho Velho,367500.0,317488.54832090274,-0.13608558280026462
Mooca,413000.0,428715.38930808293,0.03805179009221038
Morada do Sol,1035300.0,0.0,-1.0
Morro Grande,348250.0,0.0,-1.0
Morro dos Ingleses,794500.0,1127540.2155677127,0.41918214671832943
Morumbi,910000.0,500792.53746517724,-0.44967853025804694
Móoca,441000.0,365987.85018579266,-0.17009557780999396
Nossa Senhora do O,318500.0,259248.8871844674,-0.18603175138314787
Nossa Senhora do Ó,295050.0,282517.7236500105,-0.04247509354343171
Nossa Senhora do Ö,230999.0,0.0,-1.0
Nova Piraju,715749.5,426671.02120732307,-0.4038821945285005
Núcleo Lageado,49000.0,182901.80293442385,2.7326898558045682
Núcleo do Engordador,171500.0,260482.30405720114,0.5188472539778493
PENHA,154000.0,0.0,-1.0
Pacaembu,2029999.0,1546216.990948621,-0.23831637801367345
Paineiras do Morumbi,2362500.0,1003785.9366024928,-0.5751170638719607
Panamby,1030749.5,425084.83472601103,-0.5875963706739503
Parada,671229.5,0.0,-1.0
Parada De Taipas,182000.0,251151.61705921649,0.37995393988580495
Parada Inglesa,385000.0,320803.55242556974,-0.1667440196738449
Parada XV de Novembro,161000.0,183125.63518588874,0.13742630550241453
Parada de Taipas,136500.0,0.0,-1.0
Paraisópolis,360500.0,528808.2489971773,0.46687447710728813
Paraíso,1004499.0,759458.6037328658,-0.24394289717275397
Paraíso do Morumbi,630000.0,542028.8440516819,-0.13963675547352072
Parelheiros,315000.0,0.0,-1.0
Pari,595000.0,0.0,-1.0
Parque Alves de Lima,203000.0,240200.55770130793,0.18325397882417693
Parque Anhanguera,525000.0,0.0,-1.0
Parque Anhangüera,1050000.0,0.0,-1.0
Parque Anhangüera (São Domingos),227500.0,0.0,-1.0
Parque Anhembi,194600.0,0.0,-1.0
Parque Artur Alvim,346500.0,0.0,-1.0
Parque Bairro Morumbi,965999.0,408596.55749135854,-0.577021759348241
Parque Boturussu,220500.0,191974.6837927999,-0.12936651341133842
Parque Bristol,196000.0,0.0,-1.0
Parque Casa de Pedra,315000.0,268632.7490438455,-0.1471976220830301
Parque Cisper,239749.0,197871.74043506698,-0.174671258545116
Parque Colonial,944999.0,628562.0799703511,-0.33485423797236713
Parque Continental,546000.0,261152.04510991077,-0.5216995510807495
Parque Cruzeiro do Sul,311500.0,210274.9644745192,-0.3249599856355724
Parque Císper,276150.0,198760.76924945644,-0.28024345736209877
Parque Edu Chaves,301000.0,260728.62705919135,-0.13379193668042744
Parque Esmeralda,157500.0,218038.64499831543,0.38437234919565344
Parque Fernanda,209300.0,0.0,-1.0
Parque Fongaro,243250.0,0.0,-1.0
Parque Grajau,704900.0,0.0,-1.0
Parque Guaianazes,280000.0,0.0,-1.0
Parque Guarani,336000.0,0.0,-1.0
Parque Guarapiranga,315000.0,0.0,-1.0
Parque Ibirapuera,322000.0,0.0,-1.0
Parque Imperial,439250.0,408115.8705947885,-0.07088020354060665
Parque Independencia,455000.0,327515.101000929,-0.2801865912067494
Parque Independência,253399.0,273325.06170662446,0.07863512368487813
Parque Industrial Tomas Edson,464148.0,0.0,-1.0
Parque Ipe,268799.5,0.0,-1.0
Parque Ipê,237999.0,240146.52169754502,0.009023238322618976
Parque Itaberaba,371000.0,0.0,-1.0
Parque Jabaquara,577500.0,0.0,-1.0
Parque Mandaqui,393050.0,429390.0974968476,0.09245667853160566
Parque Maria Domitila,453670.0,254059.01524405298,-0.4399915902659356
Parque Maria Helena,199500.0,177465.50822024228,-0.11044858034966276
Parque Maria Luiza,378000.0,326138.7777336684,-0.13719900070458102
Parque Monteiro Soares,427000.0,0.0,-1.0
Parque Munhoz,157500.0,176104.42067716556,0.11812330588676545
Parque Nações Unidas,276500.0,283718.0766357321,0.026105159622900942
Parque Novo Mundo,367500.0,312071.24579648144,-0.1508265420503906
Parque Paineiras,189000.0,0.0,-1.0
Parque Palmas do Tremembe,486500.0,337172.14136932505,-0.306943183207965
Parque Palmas do Tremembé,573999.5,0.0,-1.0
Parque Panamericano,315000.0,206232.15054969478,-0.34529476015969907
Parque Paulistano,191268.0,0.0,-1.0
Parque Penha,301000.0,0.0,-1.0
Parque Pereira,560000.0,0.0,-1.0
Parque Peruche,427000.0,400390.2138851319,-0.06231800026901202
Parque Planalto,623000.0,0.0,-1.0
Parque Ramos Freitas,297500.0,0.0,-1.0
Parque Real,332500.0,0.0,-1.0
Parque Reboucas,334950.0,284510.86039483384,-0.15058707151863315
Parque Rebouças,224000.0,224552.9919215379,0.002468713935437128
Parque Regina,224000.0,0.0,-1.0
Parque Residencial Cocaia,109829.5,0.0,-1.0
Parque Residencial Julia,364000.0,0.0,-1.0
Parque Residencial Oratorio,306250.0,0.0,-1.0
Parque Residencial da Lapa,276499.5,370340.21133810683,0.33938835816378266
Parque Santa Amélia,285250.0,0.0,-1.0
Parque Santa Madalena,319550.0,0.0,-1.0
Parque Santa Rita,225749.5,0.0,-1.0
Parque Santo Antônio,150500.0,187177.97103177223,0.24370744871609462
Parque Santo Eduardo,280000.0,0.0,-1.0
Parque Sao Domingos,546000.0,291338.27033734095,-0.4664134242905843
Parque Sao Lucas,315000.0,0.0,-1.0
Parque Sao Luis,507499.5,0.0,-1.0
Parque Sao Rafael,188300.0,0.0,-1.0
Parque Savoi City,630000.0,814276.9309621948,0.29250306501935674
Parque Savoy City,230999.5,0.0,-1.0
Parque Sevilha,602000.0,0.0,-1.0
Parque Sonia,434000.0,0.0,-1.0
Parque São Domingos,594230.0,284502.0279360314,-0.521225740982395
Parque São Jorge,350000.0,342120.9075459198,-0.022511692725943333
Parque São Lourenço,147000.0,177625.24947502618,0.20833503044235502
Parque São Lucas,380800.0,348141.1018026342,-0.0857639133334186
Parque São Luis,196000.0,237550.60370901728,0.2119928760664147
Parque São Luís,378000.0,263463.51233178115,-0.30300658113285406
Parque São Rafael,260049.0,0.0,-1.0
Parque Taipas,221549.5,222187.34239611012,0.0028790062541785844
Parque Terceiro Lago,403200.0,0.0,-1.0
Parque Tiete,1251250.0,0.0,-1.0
Parque Tomas Saraiva,244999.0,225581.4237499289,-0.07925573675839948
Parque Vitoria,411950.0,0.0,-1.0
Parque Vitória,416500.0,254410.97828922575,-0.38916931983379177
Parque da Lapa,301000.0,0.0,-1.0
Parque da Mooca,595000.0,459612.4177937009,-0.22754215496857
Parque da Vila Prudente,560000.0,370348.2099645175,-0.33866391077764735
Parque das Arvores,175000.0,0.0,-1.0
Parque das Flores,350000.0,0.0,-1.0
Parque das Paineiras,155749.5,0.0,-1.0
Parque das Árvores,385000.0,267554.10681410215,-0.3050542680153191
Parque do Carmo,220080.0,199037.43053036265,-0.09561327458032243
Parque do Castelo,898100.0,0.0,-1.0
Parque do Morumbi,875000.0,512410.9511060439,-0.41438748445023554
Parque dos Bancarios,1533000.0,0.0,-1.0
Parque dos Bancários,365400.0,0.0,-1.0
Parque dos Principes,1050000.0,0.0,-1.0
Parque dos Príncipes,951999.0,399211.06247051904,-0.5806602081824466
Patriarca,122849.0,0.0,-1.0
Pedreira,261099.5,0.0,-1.0
Penha,322000.0,578364.2541998789,0.7961622801238475
Penha de Franca,244999.0,406935.5931923728,0.660968384329621
Penha de França,315000.0,284663.8386801253,-0.09630527403134825
Perdizes,770000.0,681529.2044967639,-0.11489713701718973
Perus,216348.5,0.0,-1.0
Pinheiros,705005.0,628590.735483641,-0.1083882589717221
Piqueri,301000.0,267431.91313537303,-0.11152188327118595
Pirajussara,187250.0,196429.6611354594,0.04902355746573783
Pirituba,315000.0,292873.25867183134,-0.07024362326402744
Planalto Paulista,1153950.0,979971.2246822615,-0.15076803615211976
Pompeia,480549.0,595818.8495723192,0.23987116729473823
Ponte Pequena,371000.0,0.0,-1.0
Ponte Rasa,262499.5,231375.73931960872,-0.11856693319564904
Portal dos Bandeirantes,217000.0,0.0,-1.0
Pq. Maria Helena,196000.0,0.0,-1.0
Pq. Savoy City,171500.0,183611.75114624077,0.07062245566321157
Pq. São Domingos,210000.0,288866.3017548484,0.37555381788023046
Pq. do Mandaqui,280000.0,402630.2155506254,0.43796505553794796
Praia Azul,343000.0,0.0,-1.0
Praça da Árvore,810250.0,0.0,-1.0
Protendit,484317.0,245907.49082991134,-0.4922592210682025
Quarta Parada,482999.0,369623.8464354433,-0.2347316527871831
Quinta da Paineira,237999.0,270142.07487550034,0.13505550391178267
Raposo Tavares,258999.0,222265.0436705074,-0.14183049482620624
Real Parque,840000.0,847842.3405762506,0.009336119733631687
Real Parque - Morumbi,1120000.0,1455897.325251963,0.29990832611782414
Recanto Morumbi,546000.0,0.0,-1.0
Recanto Paraíso,910000.0,619612.483397943,-0.31910716110116155
Recanto Verde do Sol,595000.0,0.0,-1.0
República,270200.0,325286.6272318453,0.20387352787507496
Residencial Morumbi,595000.0,0.0,-1.0
Residencial Sol Nascente,1260000.0,0.0,-1.0
Retiro Morumbi,6020000.0,0.0,-1.0
Rio Bonito,364000.0,0.0,-1.0
Rio Pequeno,524300.0,457977.6824976398,-0.12649688632912492
Rolinópolis,1050000.0,0.0,-1.0
Sacomã,273000.0,281881.70488804876,0.032533717538640206
Santa Cecelia,448000.0,0.0,-1.0
Santa Cecilia,665000.0,445559.7071616797,-0.3299854027643915
Santa Cecília,979999.0,768060.3584417327,-0.21626414063511012
Santa Efigênia,215966.0,355274.65573294327,0.6450490157383257
Santa Ifigênia,218750.0,322328.6227194169,0.473502275288763
Santa Ines,475999.0,0.0,-1.0
Santa Teresinha,521499.0,480280.41045384004,-0.07903867417993127
Santa Terezinha,453250.0,733622.1526042046,0.6185816935558843
Santa Therezinha,385000.0,0.0,-1.0
Santana,525000.0,488521.1315326521,-0.06948355898542447
Santo Amaro,666400.0,458947.8463827739,-0.3113027515264497
Sao Judas,9660000.0,0.0,-1.0
Sapopemba,237999.0,0.0,-1.0
Saúde,461964.0,418136.6368031729,-0.09487181511292464
Se,2520000.0,0.0,-1.0
Serra Da Cantareira,154000.0,0.0,-1.0
Serra da Cantareira,623000.0,0.0,-1.0
Sete Praias,62999.0,0.0,-1.0
Siciliano,1032499.5,0.0,-1.0
Socorro,258824.0,244655.27890203195,-0.05474268652817382
Sumarezinho,805000.0,634309.7253610847,-0.21203760824709983
Sumaré,902546.0,629448.0710165068,-0.3025861606870932
Super Quadra,304500.0,0.0,-1.0
Super Quadra Morumbi,280000.0,327455.2366797283,0.1694829881418869
São Domingos,353500.0,286685.27572037536,-0.1890091210173257
São João Climaco,357000.0,253914.3260802988,-0.28875538913081567
São João Clímaco,241149.0,265084.6157866753,0.09925654175084819
São Judas,343000.0,448574.0261924376,0.30779599473013874
São Lucas,259349.0,251032.8969173289,-0.032065298430574596
São Mateus,223999.5,0.0,-1.0
São Miguel,237999.0,223964.64743838485,-0.05896811567113791
São Miguel Paulista,350000.0,202992.1102872893,-0.4200225420363163
São Rafael,315000.0,0.0,-1.0
Sé,175000.0,276963.4917271469,0.5826485241551251
Sítio Barrocada,1260000.0,0.0,-1.0
Sítio Morro Grande,297500.0,427110.39313866314,0.43566518702071644
Sítio Pinheirinho,199500.0,270966.0139266716,0.35822563371765215
Sítio da Figueira,322000.0,297981.49713169236,-0.07459162381462003
Sítio do Mandaqui,266000.0,279789.68390615436,0.051840916940429915
Sítio do Morro,427000.0,324755.28908720973,-0.23944897169271728
Sítio do Piqueri,840000.0,0.0,-1.0
Taipas,147000.0,213909.27742865492,0.45516515257588375
Tatuapé,525000.0,462597.4222436265,-0.11886205286928286
Tatupé,224000.0,0.0,-1.0
Terceira Divisão de Interlagos,431900.0,0.0,-1.0
Tremembé,560000.0,299101.76757832966,-0.46588970075298275
Tucuruvi,434000.0,353176.02943875955,-0.1862303469153006
Umarizal,315000.0,0.0,-1.0
Usina Piratininga,326900.0,383709.7160110544,0.17378316308061925
V Campos Salles,1400000.0,0.0,-1.0
V Clementino,560000.0,0.0,-1.0
V Mariana,378000.0,0.0,-1.0
V N Conceição,822500.0,0.0,-1.0
V Pompeia,1242500.0,1152097.8383780043,-0.07275827897142517
VILA PRUDENTE,161000.0,0.0,-1.0
VL Bandeirantes,885500.0,0.0,-1.0
VL Ester,910000.0,0.0,-1.0
Valo Velho,104999.5,0.0,-1.0
Veleiros,322210.0,0.0,-1.0
Vera Cruz,273000.0,0.0,-1.0
Vila Acre,171500.0,0.0,-1.0
Vila Adalgisa,383080.5,0.0,-1.0
Vila Aimore,256328.0,0.0,-1.0
Vila Aimoré,689500.0,0.0,-1.0
Vila Albano,353500.0,0.0,-1.0
Vila Albertina,817950.0,438646.70575108496,-0.4637243037458464
Vila Alexandria,383600.0,529698.7596691151,0.38086225148361597
Vila Almeida,161000.0,0.0,-1.0
Vila Alois,427000.0,0.0,-1.0
Vila Alpina,262499.5,267038.30795015837,0.017290729887707856
Vila Alzira,280000.0,0.0,-1.0
Vila Amalia (Zona Norte),385000.0,295784.23084062093,-0.23172927054384174
Vila Amelia,210000.0,0.0,-1.0
Vila America,507499.5,0.0,-1.0
Vila Americana,700000.0,0.0,-1.0
Vila Amália,210000.0,278105.2800184096,0.324310857230522
Vila Amália (Zona Norte),248499.0,257453.599017685,0.03603474870194634
Vila Amélia,224000.0,258396.29184486574,0.15355487430743642
Vila América,442400.0,0.0,-1.0
Vila Ana Rosa,237999.0,0.0,-1.0
Vila Anadir,358750.0,0.0,-1.0
Vila Anastacio,516550.0,512019.58537076367,-0.008770524884786246
Vila Anastácio,672000.0,492975.75860900374,-0.266405121117554
Vila Andrade,475999.0,414075.000775537,-0.13009270864952027
Vila Anglo Brasileira,574000.0,452655.44570300076,-0.21140166253832615
Vila Anhanguera,251999.0,339851.6542140179,0.348623027131131
Vila Anhangüera,440999.5,317320.81787666515,-0.2804508443282472
Vila Antonieta,246749.0,221125.15766535376,-0.10384577985988286
Vila Antonina,482999.0,301528.51728143194,-0.3757160630116585
Vila Antonio,336000.0,0.0,-1.0
Vila Antônio,321300.0,249374.2127833393,-0.22385865924886617
Vila Aparecida,437499.5,0.0,-1.0
Vila Araguaia,217000.0,229037.46364066505,0.055472182675875725
Vila Arapua,430499.5,260571.17124748515,-0.39472363789624576
Vila Arapuã,224000.0,0.0,-1.0
Vila Arcadia,472500.0,0.0,-1.0
Vila Arcádia,423500.0,0.0,-1.0
Vila Argentina,519399.0,0.0,-1.0
Vila Aricanduva,244999.0,279022.1266437711,0.1388704714867044
Vila Arisi,199500.0,221125.15766535376,0.10839678027746258
Vila Arriete,202300.0,258261.02064575622,0.27662392805613556
Vila Aurea,140000.0,0.0,-1.0
Vila Aurora,282730.0,361203.2109881422,0.2775553036046481
Vila Aurora (Zona Norte),299600.0,347525.8623429787,0.15996616269352049
Vila Azevedo,458499.5,420819.2897233457,-0.08218157332048193
Vila Babilonia,199500.0,0.0,-1.0
Vila Babilônia,441000.0,0.0,-1.0
Vila Baby,301000.0,0.0,-1.0
Vila Bancaria,477749.0,0.0,-1.0
Vila Bancaria Munhoz,513829.0,0.0,-1.0
Vila Bancária,385000.0,0.0,-1.0
Vila Bancária Munhoz,389550.0,0.0,-1.0
Vila Bandeirantes,489999.0,0.0,-1.0
Vila Barbosa,330750.0,393044.611074411,0.1883434953119003
Vila Barreto,455000.0,335859.40568573214,-0.26184746003135795
Vila Baruel,525000.0,462224.76778422156,-0.11957187088719701
Vila Basileia,266000.0,266934.032908745,0.0035114019125752627
Vila Bauab,301000.0,0.0,-1.0
Vila Beatriz,409500.0,962399.2173817921,1.3501812390275756
Vila Bela,287000.0,267777.8220304462,-0.06697622985907248
Vila Bela Vista,183750.0,0.0,-1.0
Vila Bela Vista (Zona Norte),196000.0,229167.74458553502,0.16922318666089287
Vila Bertioga,398930.0,377555.8269294763,-0.05357875584820326
Vila Bianca,210000.0,319322.6434033392,0.5205840162063771
Vila Boacava,413000.0,0.0,-1.0
Vila Boaçava,346500.0,0.0,-1.0
Vila Bonilha,459199.5,0.0,-1.0
Vila Bonilha Nova,500569.0,0.0,-1.0
Vila Borges,236599.0,254742.19143529865,0.07668329720454725
Vila Brasil,224000.0,0.0,-1.0
Vila Brasilandia,350000.0,248169.49569774076,-0.29094429800645494
Vila Brasilina,458499.5,543118.6172681954,0.1845566184220384
Vila Brasilio Machado,371000.0,356069.3102427008,-0.04024444678517303
Vila Brasilândia,244999.0,249253.77532143326,0.017366500767077575
Vila Brasílio Machado,455000.0,424827.1194859941,-0.06631402310770529
Vila Bruna,332500.0,252489.2858999945,-0.2406337266165579
Vila Buarque,372750.0,389932.6183727327,0.04609689704287789
Vila Buenos Aires,262499.5,206507.3764143421,-0.2133037342381905
Vila Butantã,266000.0,287834.3528056529,0.08208403310395829
Vila Cachoeira,290500.0,259240.92798392545,-0.10760437871282114
Vila Caiuba,105000.0,0.0,-1.0
Vila Caiúba,148189.5,0.0,-1.0
Vila California,385000.0,406719.56665435235,0.05641445884247376
Vila Califórnia,266000.0,253109.19916359475,-0.04846165727971896
Vila Campanela,200550.0,175967.4525750481,-0.12257565407605031
Vila Campestre,222250.0,250823.54812764967,0.12856489596242815
Vila Campo Belo,241499.0,279697.7199420751,0.15817340834568716
Vila Campo Grande,475999.0,440056.5804707964,-0.07550944335850207
Vila Canero,521499.0,477293.6549205618,-0.08476592491920054
Vila Caraguata,3640000.0,1825411.5575638863,-0.4985133083615697
Vila Caraguatá,267400.0,669050.8273018692,1.5020599375537365
Vila Carbone,279650.0,289807.0750159314,0.03632066874997819
Vila Cardoso Franco,227149.5,208475.12145407608,-0.0822118408621807
Vila Carioca,221620.0,272962.8426379898,0.23167061924911914
Vila Carlos de Campos,244999.0,0.0,-1.0
Vila Carmem,221899.5,0.0,-1.0
Vila Carmosina,185500.0,188570.94620662672,0.01655496607345941
Vila Carolina,419300.0,0.0,-1.0
Vila Carrao,435750.0,311398.4404615741,-0.28537363061027166
Vila Carrão,419300.0,293906.2059173134,-0.2990550777073374
Vila Castelo,260399.0,349098.6337520917,0.3406297019270108
Vila Cavaton,365750.0,0.0,-1.0
Vila Celeste,247519.0,295757.6006190718,0.19488847570922552
Vila Centenário,553000.0,0.0,-1.0
Vila Central,294000.0,0.0,-1.0
Vila Chabilândia,106750.0,0.0,-1.0
Vila Chica Luisa,1050000.0,0.0,-1.0
Vila Chuca,288750.0,0.0,-1.0
Vila Cisper,728000.0,0.0,-1.0
Vila Clara,1400000.0,0.0,-1.0
Vila Clarice,339500.0,258236.03413151557,-0.23936366971571266
Vila Claudia,364000.0,450796.64050431363,0.2384523090777848
Vila Clementino,630000.0,529049.5448646406,-0.16023881767517367
Vila Cleonice,378000.0,0.0,-1.0
Vila Cláudia,445200.0,343419.5481437582,-0.228617367152385
Vila Comercial,489999.0,384518.3703372984,-0.215267030468841
Vila Conceição,157500.0,0.0,-1.0
Vila Conde do Pinhal,178500.0,0.0,-1.0
Vila Congonhas,574000.0,596947.2199046349,0.0399777350254964
Vila Constanca,244999.0,327583.83782459627,0.3370823465589503
Vila Constancia,206500.0,0.0,-1.0
Vila Constança,343000.0,272174.76257541165,-0.20648757266643836
Vila Continental,317100.0,0.0,-1.0
Vila Corberi,294000.0,0.0,-1.0
Vila Cordeiro,673190.0,890002.5467741058,0.32206739074274093
Vila Cosmopolita,139300.0,0.0,-1.0
Vila Costa Melo,409500.0,0.0,-1.0
Vila Cruz das Almas,230999.0,258251.30474650985,0.11797585594097737
Vila Cruzeiro,681100.0,534740.6619099102,-0.21488670986652447
Vila Cunha Bueno,191382.0,208105.62227979206,0.08738346490156901
Vila Curuçá,210000.0,178318.91291781276,-0.15086231943898687
Vila Curuçá Velha,175000.0,214283.584813788,0.2244776275073601
Vila Dalila,318500.0,0.0,-1.0
Vila Dalva,371000.0,0.0,-1.0
Vila Damaceno,133000.0,0.0,-1.0
Vila Darli,392000.0,0.0,-1.0
Vila Deodoro,482999.0,318217.0548276303,-0.341164153905846
Vila Dinorah,700000.0,0.0,-1.0
Vila Dionisia,224000.0,256446.28356874894,0.14484948021762922
Vila Diva,385000.0,336354.09879998217,-0.1263529901299164
Vila Diva (Zona Leste),662200.0,653458.0037089917,-0.013201444112063254
Vila Diva (Zona Norte),272999.5,0.0,-1.0
Vila Divina Pastora,330050.0,257440.10758692742,-0.21999664418443443
Vila Dom Pedro I,448000.0,391429.1999172568,-0.12627410732755184
Vila Dom Pedro II,419300.0,374807.40356569836,-0.10611160609182357
Vila Domitila,196000.0,205605.7661475982,0.0490090109571335
Vila Dona Augusta,244299.0,0.0,-1.0
Vila Dorna,360850.0,0.0,-1.0
Vila Duarte,364000.0,0.0,-1.0
Vila Ede,336000.0,289041.5652710716,-0.13975724621704877
Vila Elze,297499.5,0.0,-1.0
Vila Ema,258999.0,264917.64575626404,0.022852002348518807
Vila Emir,211750.0,259157.4390993882,0.2238840099144661
Vila Erna,290499.5,262240.45450043015,-0.09727743248979726
Vila Espanhola,371000.0,225119.2670063625,-0.39320952289390165
Vila Esperanca,255499.0,0.0,-1.0
Vila Esperança,243249.0,225238.1504659428,-0.0740428512925323
Vila Ester,752499.5,1080767.7714519813,0.43623719544262984
Vila Ester (Zona Norte),475999.0,729556.2809702232,0.5326844824678691
Vila Euthalia,329000.0,0.0,-1.0
Vila Fachini,189000.0,0.0,-1.0
Vila Fanton,1575000.0,0.0,-1.0
Vila Fazzeoni,125999.0,164720.78725409257,0.3073182108912973
Vila Feliz,311500.0,234765.50000037547,-0.2463386837869166
Vila Fernandes,385000.0,420819.2897233457,0.09303711616453425
Vila Fiat Lux,546000.0,0.0,-1.0
Vila Fidalgo,237999.0,305795.38296533795,0.28485994884574284
Vila Firmiano Pinto,514499.0,421092.1079567498,-0.18154921981043737
Vila Formosa,392000.0,354458.1091221318,-0.09577012979048016
Vila Francos,336700.0,0.0,-1.0
Vila Friburgo,489999.0,0.0,-1.0
Vila Frugoli,595000.0,0.0,-1.0
Vila Fátima,406000.0,0.0,-1.0
Vila Gea,521499.5,0.0,-1.0
Vila Genioli,525000.0,0.0,-1.0
Vila Germinal,364000.0,0.0,-1.0
Vila Gertrudes,588000.0,490820.4527152045,-0.16527133891972023
Vila Giordano,245000.0,0.0,-1.0
Vila Gomes,350000.0,321065.8366480586,-0.08266903814840398
Vila Gomes Cardim,560000.0,482157.36039026774,-0.13900471358880762
Vila Gouveia,1484000.0,0.0,-1.0
Vila Graciosa,315000.0,404847.7808766345,0.28523105040201435
Vila Granada,336000.0,212196.96395275355,-0.36846141680728106
Vila Graziela,465500.0,0.0,-1.0
Vila Guaca,449750.0,0.0,-1.0
Vila Guarani,313600.0,356476.8796697577,0.13672474384489064
Vila Guarani (Z Sul),453599.5,530503.6061069062,0.1695418670146378
Vila Guarani (Zona Sul),314650.0,0.0,-1.0
Vila Guarani(Zona Leste),133000.0,0.0,-1.0
Vila Guedes,385000.0,269605.34697095025,-0.29972637150402537
Vila Guilherme,329000.0,311616.48487806896,-0.05283743198155333
Vila Guilhermina,392000.0,262929.5769058851,-0.32926128340335437
Vila Gumercindo,503999.0,455326.80201340164,-0.0965720130131178
Vila Gustavo,321650.0,297213.98878586874,-0.07597081055225019
Vila Hamburguesa,420000.0,0.0,-1.0
Vila Hebe,385000.0,0.0,-1.0
Vila Helena,406000.0,1744027.3325532048,3.295633824022672
Vila Heliopolis,164500.0,0.0,-1.0
Vila Heliópolis,161000.0,0.0,-1.0
Vila Hermínia,276500.0,0.0,-1.0
Vila Homero,237999.0,0.0,-1.0
Vila Ida,2082499.5,637859.829772508,-0.6937046900743515
Vila Imperio,243599.0,0.0,-1.0
Vila Império,222337.0,0.0,-1.0
Vila Inah,1050000.0,0.0,-1.0
Vila Independencia,290500.0,280055.7517637052,-0.035952661742839176
Vila Independência,289800.0,329141.92800207896,0.1357554451417493
Vila Indiana,574000.0,422872.9048731915,-0.2632876221721403
Vila Industrial,210000.0,213633.85281652948,0.017304061031092832
Vila Inglesa,264600.0,272234.2642614025,0.028852094714295173
Vila Invernada,455000.0,426670.0424303706,-0.06226364301017451
Vila Iorio,267330.0,264623.5352299539,-0.010124059290188558
Vila Ipojuca,654500.0,572538.1393195235,-0.12522820577612914
Vila Irmaos Arnoni,857500.0,0.0,-1.0
Vila Irmãos Arnoni,560350.0,253573.87674623143,-0.5474723356005506
Vila Isa,427000.0,370589.84867252473,-0.1321080827341341
Vila Ismenia,255499.5,0.0,-1.0
Vila Isolina Mazzei,391300.0,378577.8529672063,-0.03251251477841488
Vila Itaberaba,192500.0,0.0,-1.0
Vila Itaim,244999.0,0.0,-1.0
Vila Ivg,371000.0,0.0,-1.0
Vila Ivone,244999.0,270123.55442136,0.10254962028971559
Vila Izolina,295750.0,0.0,-1.0
Vila Iório,216999.5,242222.9560561721,0.11623739251091392
Vila Jacui,243249.0,210003.14602823943,-0.13667416503977647
Vila Jacuí,213500.0,654011.3201932756,2.0632848720996515
Vila Jaguara,419300.0,268238.1136534608,-0.3602716106523711
Vila Jaguari,315000.0,0.0,-1.0
Vila Jaragua,227500.0,215185.2151046747,-0.054130922616814514
Vila Jaraguá,192500.0,209989.45793127138,0.0908543269156954
Vila Jatai,540050.0,0.0,-1.0
Vila Joao Batista,203000.0,0.0,-1.0
Vila João Batista,237999.0,0.0,-1.0
Vila Lageado,315000.0,371083.17944472714,0.1780418395070702
Vila Lais,458500.0,0.0,-1.0
Vila Laís,353500.0,0.0,-1.0
Vila Leonor,295750.0,344646.3281735551,0.16532993465276435
Vila Leopoldina,623000.0,523109.1797813572,-0.16033839521451498
Vila Libanesa,472499.0,0.0,-1.0
Vila Lisboa,281960.0,609640.8755372692,1.1621537648505789
Vila Liviero,178500.0,0.0,-1.0
Vila Londrina,287000.0,0.0,-1.0
Vila Lourdes,88290.0,180483.63605450778,1.044213796064195
Vila Lucia,378000.0,401093.3141142759,0.0610934235827405
Vila Lucia Elvira,629300.0,0.0,-1.0
Vila Lúcia,441000.0,325735.85236075247,-0.26136994929534585
Vila Lúcia Elvira,556500.0,0.0,-1.0
Vila Macedopolis,332500.0,0.0,-1.0
Vila Macedópolis,364000.0,287510.8454525473,-0.2101350399655294
Vila Madalena,1167698.0,647594.6143911699,-0.44540916025276234
Vila Mafra,475999.0,277244.9376813738,-0.41755142829843384
Vila Mangalot,315000.0,246422.82256300608,-0.21770532519680608
Vila Maracana,194250.0,227286.71222504444,0.1700731646076934
Vila Maracanã,260750.0,184648.35162523124,-0.2918567531151247
Vila Marari,336000.0,0.0,-1.0
Vila Margarida,333200.0,0.0,-1.0
Vila Maria,420000.0,350834.05687310616,-0.16468081696879489
Vila Maria Alta,455000.0,383797.1093789559,-0.15648986949680022
Vila Maria Baixa,511000.0,402796.7813918699,-0.21174798162060693
Vila Maria Luisa,553000.0,0.0,-1.0
Vila Maria Trindade,448000.0,0.0,-1.0
Vila Mariana,667800.0,578046.8009796281,-0.13440131629286
Vila Marieta,367500.0,217006.64528590575,-0.4095057271131817
Vila Marilena,315000.0,0.0,-1.0
Vila Marina,244999.0,261180.3583087279,0.06604663002186917
Vila Mariza Mazzei,840000.0,0.0,-1.0
Vila Marte,320250.0,0.0,-1.0
Vila Mascote,529549.5,499347.57906755456,-0.05703323472582911
Vila Matilde,330750.0,325219.2883698966,-0.016721728284515236
Vila Mazzei,315000.0,310008.6763127332,-0.015845472023069185
Vila Medeiros,364000.0,308938.4373909442,-0.15126802914575765
Vila Mendes,185850.0,209307.5762257839,0.1262177897540162
Vila Mesquita,346150.0,0.0,-1.0
Vila Miami,178500.0,0.0,-1.0
Vila Minerva,205800.0,0.0,-1.0
Vila Mira,604100.0,288588.48402674525,-0.5222835887655268
Vila Mirante,318500.0,248445.34340885363,-0.2199518260318567
Vila Miriam,244999.0,252784.66101095075,0.03177833791546392
Vila Missionária,1120000.0,0.0,-1.0
Vila Moinho Velho,385000.0,388959.0721298023,0.010283304233252855
Vila Monte Alegre,468999.0,439729.89483427606,-0.062407606766163526
Vila Monte Santo,193200.0,195440.3365767725,0.01159594501435035
Vila Monumento,489999.0,419880.81243776105,-0.14309863400178158
Vila Moraes,280000.0,312169.04190906807,0.1148894353895289
Vila Moreira,254099.0,289174.10471238923,0.13803716154880274
Vila Morse,500499.0,506815.7825212176,0.012620969315058739
Vila Morumbi,1106000.0,1005812.1861453056,-0.09058572681256272
Vila Nair,489999.0,463562.06402983126,-0.05395304065961104
Vila Nancy,179200.0,0.0,-1.0
Vila Natal,287000.0,0.0,-1.0
Vila Natalia,434000.0,0.0,-1.0
Vila Natália,363999.0,245206.08890080408,-0.3263550479512194
Vila Nelson,237649.0,304048.1165189454,0.2793999407485215
Vila Nhocune,343000.0,199224.8769130733,-0.4191694550639262
Vila Nilo,283500.0,272369.35272486124,-0.0392615424167152
Vila Nina,406000.0,0.0,-1.0
Vila Nivi,315000.0,311019.217654204,-0.012637404272368258
Vila Norma,413000.0,209751.5688236141,-0.49212695200093437
Vila Nossa Senhora do Retiro,385000.0,0.0,-1.0
Vila Nova,606549.0,0.0,-1.0
Vila Nova Alba,266000.0,284772.8567988754,0.07057464961983229
Vila Nova Cachoeirinha,244999.0,261285.55167180995,0.06647599244000979
Vila Nova Caledonia,525000.0,0.0,-1.0
Vila Nova Caledônia,654499.5,635936.3350632308,-0.028362382151199794
Vila Nova Carolina,266000.0,0.0,-1.0
Vila Nova Conceição,1503530.0,872034.8993058123,-0.42000831422997065
Vila Nova Curuca,154000.0,0.0,-1.0
Vila Nova Curuçá,196700.0,176798.08414319906,-0.10117903333401601
Vila Nova Galvão,280000.0,0.0,-1.0
Vila Nova Jaguaré,336000.0,0.0,-1.0
Vila Nova Jaragua,923999.0,0.0,-1.0
Vila Nova Jaraguá,171500.0,0.0,-1.0
Vila Nova Manchester,378000.0,358330.85268143186,-0.05203478126605332
Vila Nova Mazzei,364000.0,282726.41072523955,-0.223279091414177
Vila Nova Parada,210000.0,0.0,-1.0
Vila Nova Pauliceia,380100.0,0.0,-1.0
Vila Nova Savoia,342300.0,259705.95451071567,-0.24129139786527698
Vila Nova Utinga,409500.0,0.0,-1.0
Vila Nova York,371000.0,0.0,-1.0
Vila Olimpia,693000.0,642532.6377366439,-0.0728244765704994
Vila Olinda,334950.0,270950.9376829746,-0.19107049505008322
Vila Olympia,413000.0,0.0,-1.0
Vila Olímpia,661500.0,585633.2392852668,-0.11468898067231015
Vila Oratorio,574000.0,0.0,-1.0
Vila Oratório,430500.0,325842.05585889297,-0.24310788418375617
Vila Paiva,510999.0,335320.1650298854,-0.3437948703815753
Vila Palmeiras,308000.0,263718.9843580584,-0.14376953130500514
Vila Paranagua,223999.5,0.0,-1.0
Vila Paranaguá,206500.0,212430.30120223138,0.028718165628239145
Vila Parque Jabaquara,280000.0,301401.4534031058,0.07643376215394926
Vila Pauliceia,486499.0,592257.2799865057,0.21738642831024468
Vila Paulicéia,525000.0,488617.48719260795,-0.06930002439503247
Vila Paulista,427000.0,448050.01472677995,0.049297458376533765
Vila Paulistana,294000.0,0.0,-1.0
Vila Paulistania,525000.0,0.0,-1.0
Vila Paulo Silas,290500.0,339759.42232930224,0.16956771886162558
Vila Pedra Branca,489999.0,0.0,-1.0
Vila Pedroso,376600.0,0.0,-1.0
Vila Penteado,279300.0,297766.2070685445,0.06611602960452756
Vila Pereira Barreto,383460.0,360355.41884398734,-0.060252910749524435
Vila Pereira Cerca,455000.0,342666.1028251797,-0.2468876860985062
Vila Perus,336000.0,0.0,-1.0
Vila Piaui,455000.0,0.0,-1.0
Vila Piauí,455000.0,0.0,-1.0
Vila Picinin,385000.0,0.0,-1.0
Vila Pierina,203000.0,218953.29107469847,0.07858764076206137
Vila Piracicaba,585200.0,0.0,-1.0
Vila Pirajussara,372399.0,201450.51498574528,-0.4590465737401409
Vila Pirituba,296800.0,247204.3631282921,-0.16710120239793758
Vila Pita,224000.0,236471.6637128282,0.05567707014655432
Vila Polopoli,392000.0,319649.75205870596,-0.1845669590339134
Vila Pompeia,648550.0,584136.3712600621,-0.09931944914029434
Vila Pompéia,553000.0,530235.9280496134,-0.04116468707122356
Vila Ponte Rasa,266000.0,187029.2331201795,-0.2968825822549642
Vila Popular,112000.0,0.0,-1.0
Vila Portugal,203000.0,0.0,-1.0
Vila Portuguesa,280000.0,0.0,-1.0
Vila Prado,420000.0,462011.73495742225,0.10002794037481477
Vila Prel,266000.0,218895.05175167116,-0.1770862716102588
Vila Primavera,395430.0,357429.51729002944,-0.09609913944306336
Vila Princesa Isabel,207900.0,184241.4976611426,-0.11379751004741412
Vila Progredior,840000.0,806444.605107772,-0.03994689868122381
Vila Progresso,143500.0,0.0,-1.0
Vila Progresso (Zona Norte),297500.0,0.0,-1.0
Vila Prudente,350000.0,341280.3847978132,-0.024913186291962264
Vila Ramos,332500.0,0.0,-1.0
Vila Raquel,150500.0,0.0,-1.0
Vila Re,244999.0,208507.60473016903,-0.1489450784282016
Vila Regente Feijo,742000.0,682643.8107528235,-0.07999486421452362
Vila Regente Feijó,525000.0,451677.99228967377,-0.13966096706728803
Vila Regina,204050.0,226434.1563418601,0.10969936947738357
Vila Renato,258999.0,0.0,-1.0
Vila Renato (Zona Norte),175000.0,243018.0672371488,0.3886746699265644
Vila Rica,280000.0,0.0,-1.0
Vila Rio Branco,297500.0,0.0,-1.0
Vila Robertina,184030.0,0.0,-1.0
Vila Romana,840000.0,733645.4392902739,-0.12661257227348344
Vila Romano,441000.0,0.0,-1.0
Vila Romero,444500.0,386966.3751563065,-0.12943447658873686
Vila Roque,244999.0,248630.77270358172,0.014823622560017569
Vila Rosa,413000.0,0.0,-1.0
Vila Rosaria,274749.5,0.0,-1.0
Vila Rui Barbosa,222249.5,215070.69398105846,-0.03230066217895444
Vila Ré,244999.0,191141.7698332873,-0.2198263265022008
Vila Sabrina,315000.0,267293.6180869678,-0.15144883146994348
Vila Salete,416500.0,0.0,-1.0
Vila Santa Catarina,297500.0,475743.99361503846,0.5991394743362637
Vila Santa Clara,343000.0,317568.4241836299,-0.07414453590778447
Vila Santa Cruz,289800.0,222076.89056132367,-0.23368912849784795
Vila Santa Cruz (Zona Leste),105000.0,0.0,-1.0
Vila Santa Edwiges,203000.0,0.0,-1.0
Vila Santa Ines,150500.0,186565.22610968945,0.23963605388497977
Vila Santa Inês,234499.5,0.0,-1.0
Vila Santa Isabel,482999.0,246239.40918714306,-0.49018650310426515
Vila Santa Izabel,489999.0,0.0,-1.0
Vila Santa Lúcia,525000.0,0.0,-1.0
Vila Santa Maria,339500.0,300148.69731239264,-0.11590958081769476
Vila Santa Teresa,174300.0,0.0,-1.0
Vila Santa Teresa (Zona Leste),455000.0,0.0,-1.0
Vila Santa Teresa (Zona Sul),267750.0,244173.84589674664,-0.08805286313073146
Vila Santa Teresinha,188650.0,0.0,-1.0
Vila Santa Terezinha (Zona Norte),189000.0,266520.98090518854,0.41016392013327274
Vila Santa Virginia,392000.0,258070.80435399825,-0.34165611134184126
Vila Santana,252664.0,321099.9089024185,0.2708573793750535
Vila Santista,270900.0,0.0,-1.0
Vila Santo Antônio,475999.0,0.0,-1.0
Vila Santo Estefano,560000.0,0.0,-1.0
Vila Santo Estevão,630000.0,617764.1176434319,-0.01942203548661603
Vila Santo Estéfano,500499.0,426236.730314348,-0.1483764596645587
Vila Santo Henrique,185500.0,0.0,-1.0
Vila Santos,371000.0,293731.91941522993,-0.20826975898859856
Vila Sao Domingos,315000.0,0.0,-1.0
Vila Sao Francisco,439249.5,419776.0771911768,-0.04433339778149592
Vila Sao Francisco (Zona Sul),332500.0,0.0,-1.0
Vila Sao Geraldo,263900.0,0.0,-1.0
Vila Sao Jose,693000.0,0.0,-1.0
Vila Sao Luis,496999.0,0.0,-1.0
Vila Sao Luis(Zona Oeste),524300.0,0.0,-1.0
Vila Sao Paulo,307300.0,717826.8838445296,1.3359156649675548
Vila Sao Pedro,325500.0,0.0,-1.0
Vila Sao Silvestre (Zona Leste),525000.0,457573.2691818341,-0.1284318682250779
Vila Sao Vicente,770000.0,0.0,-1.0
Vila Sapopemba,351400.0,0.0,-1.0
Vila Serralheiro,336000.0,0.0,-1.0
Vila Silva Teles,1152200.0,0.0,-1.0
Vila Silvia,269499.5,224206.72266229804,-0.1680625653765664
Vila Sinhá,350000.0,0.0,-1.0
Vila Siqueira,217000.0,0.0,-1.0
Vila Siqueira (Zona Norte),244999.0,283128.20362429076,0.15563003777276951
Vila Sirene,350000.0,0.0,-1.0
Vila Siria,266000.0,0.0,-1.0
Vila Socorro,206500.0,0.0,-1.0
Vila Sofia,385000.0,380292.53590375424,-0.012227179470768235
Vila Sonia,451500.0,414004.01096770965,-0.08304759475590329
Vila Souza,297500.0,237833.20031804068,-0.20056067119986332
Vila Sulina,840000.0,0.0,-1.0
Vila Suzana,525000.0,468443.6887267262,-0.10772630718718812
Vila São Francisco,840000.0,452849.86214600527,-0.4608930212547556
Vila São Francisco (Zona Sul),398046.0,0.0,-1.0
Vila São Geraldo,332500.0,0.0,-1.0
Vila São José,411600.0,442251.8341409136,0.07446995661057731
Vila São José‎,448000.0,233658.35672654636,-0.4784411680211018
Vila São Luís(Zona Oeste),468999.0,0.0,-1.0
Vila São Nicolau,311500.0,0.0,-1.0
Vila São Paulo,301000.0,0.0,-1.0
Vila São Pedro,442749.5,483361.7736041512,0.09172742962815583
Vila São Silvestre,430500.0,258626.20278781038,-0.3992422699470142
Vila São Silvestre (Zona Leste),266000.0,0.0,-1.0
Vila São Vicente,456750.0,355726.7698714451,-0.22117839108605342
Vila Sílvia,154000.0,188037.56060241608,0.2210231207949096
Vila Sônia,455000.0,411402.36024700844,-0.09581898846811332
Vila Talarico,258999.0,203451.35156647034,-0.21447051314302235
Vila Taquari,273000.0,193702.73717239723,-0.2904661642036731
Vila Teresinha,315000.0,0.0,-1.0
Vila Tiradentes,322000.0,399736.5265477183,0.2414177843096843
Vila Tolstoi,346500.0,0.0,-1.0
Vila Tramontano,1400000.0,376471.07490386954,-0.7310920893543789
Vila Uberabinha,910000.0,1020374.8279427371,0.12129101971729361
Vila Uniao(Zona Norte),420000.0,0.0,-1.0
Vila Universitaria,273000.0,0.0,-1.0
Vila Universitária,371000.0,0.0,-1.0
Vila União,560000.0,0.0,-1.0
Vila União (Zona Leste),220500.0,0.0,-1.0
Vila Vera,336000.0,347516.24774867645,0.034274546871060796
Vila Verde,287000.0,0.0,-1.0
Vila Vermelha,383250.0,345131.3085459284,-0.09946168676861478
Vila Virginia,315000.0,0.0,-1.0
Vila Vitorio Mazzei,213500.0,273684.2272305984,0.2818933359746998
Vila Vitório Mazzei,489999.0,287764.06724988343,-0.4127251948475743
Vila Yara,278565.0,0.0,-1.0
Vila Yolanda,98687.0,0.0,-1.0
Vila Zat,322000.0,280484.7478818814,-0.12892935440409492
Vila Zefira,154000.0,0.0,-1.0
Vila Zelina,455000.0,381399.2036716763,-0.16175999193038182
Vila Zilda,381500.0,389185.1776159081,0.020144633331344863
Vila Zulmira,315000.0,0.0,-1.0
Vila da Paz,217000.0,0.0,-1.0
Vila da Saúde,448000.0,442809.6335611167,-0.01158563937250734
Vila das Belezas,189000.0,195451.62952398777,0.03413560594702525
Vila das Merces,278590.5,343641.165480101,0.23349922369966314
Vila das Mercês,301000.0,324069.7379317651,0.07664364761383746
Vila do Bosque,489999.0,0.0,-1.0
Vila do Castelo,384300.0,0.0,-1.0
Vila do Encontro,279073.5,0.0,-1.0
Vila dos Andradas,240099.5,0.0,-1.0
Vila dos Andrades,465149.5,0.0,-1.0
Vila dos Minérios,244999.0,0.0,-1.0
Vila dos Remedios,297499.5,298212.13819582557,0.0023954265329035884
Vila dos Remédios,332500.0,0.0,-1.0
Vila rica,280000.0,0.0,-1.0
Vila Água Funda,350000.0,0.0,-1.0
Villaggio Panamby,1400000.0,667611.3386368728,-0.5231347581165194
Vl Amélia,197400.0,0.0,-1.0
Vl Argentina,332500.0,0.0,-1.0
Vl Bertioga,297500.0,0.0,-1.0
Vl Firmiano,815500.0,0.0,-1.0
Vl M Velho,332500.0,0.0,-1.0
Vl Madalena,665000.0,848507.7531998437,0.27595150857119344
Vl Mariana,420000.0,0.0,-1.0
Vl Mascote,266000.0,0.0,-1.0
Vl Monumento/Ipiran,787500.0,0.0,-1.0
Vl Paranagua,227499.5,0.0,-1.0
Vl Pompeia,667800.0,885596.6849333897,0.32614058839980475
Vl R Feijo,489999.0,1086689.205193543,1.217737597818655
Vl. Iza,333900.0,0.0,-1.0
Vl. Mariana,630000.0,0.0,-1.0
Vl. Mazzei,210000.0,0.0,-1.0
Vl. Monte Alegre,315000.0,0.0,-1.0
Vl. Nova Conceic,619500.0,0.0,-1.0
Vl. Pauliceia,420000.0,0.0,-1.0
Vl. Prudente,268450.0,718358.959731161,1.675950678827197
Várzea da Barra Funda,587657.0,682096.3204340369,0.1607048336598338
Várzea de Baixo,651000.0,980275.5442678588,0.5057996071702902
itaim,2152500.0,0.0,-1.0
vila prudente,175000.0,0.0,-1.0
Água Branca,420000.0,457840.1607734316,0.09009562088912282
Água Fria,560000.0,458455.4530345257,-0.1813295481526327
Água Funda,376249.5,342449.12327733985,-0.08983500768149899
Água Rasa,559300.0,462766.7165636379,-0.17259660904051866
